CID,FISH,COLD,AMMONIA/URINOUS,DECAYED,HOW STRONG IS THE SMELL?,HOW PLEASANT IS THE SMELL?,HOW FAMILIAR IS THE SMELL?
1001,30.416666666666668,27.125,26.08695652173913,31.94736842105263,48.40963855421687,35.93975903614458,43.87951807228916
101010,16.375,21.53846153846154,18.714285714285715,28.545454545454547,54.19736842105263,42.671052631578945,45.51315789473684
101604,,33.833333333333336,32.0,45.25,47.51546391752577,68.73195876288659,53.88659793814433
10285,2.0,27.0,10.6,24.125,31.89090909090909,43.90909090909091,33.74545454545454
1030,1.0,27.142857142857142,14.2,18.428571428571427,31.387755102040817,44.714285714285715,44.673469387755105
1031,22.5,28.5,24.142857142857142,25.0,27.964285714285715,49.892857142857146,37.285714285714285
1032,53.333333333333336,24.833333333333332,28.416666666666668,11.444444444444445,27.941176470588236,40.0,37.78431372549019
10364,3.6666666666666665,24.375,18.272727272727273,7.875,63.58585858585859,50.343434343434346,60.96969696969697
10400,27.5,30.57894736842105,23.210526315789473,38.57142857142857,54.973684210526315,45.48684210526316,47.13157894736842
10430,22.923076923076923,12.666666666666666,26.761904761904763,31.853658536585368,71.17,16.5,51.38
10448,23.52173913043478,6.0,34.611111111111114,34.542857142857144,74.71153846153847,23.76923076923077,48.78846153846154
104721,11.857142857142858,23.076923076923077,14.625,37.94736842105263,75.55140186915888,40.23364485981308,58.36448598130841
1049,,56.5,54.5,21.25,17.75,50.020833333333336,31.25
1060,26.6,18.125,25.0,22.0,57.48863636363637,44.76136363636363,49.10227272727273
106441,7.6,19.833333333333332,20.476190476190474,25.347826086956523,69.95145631067962,30.155339805825243,47.77669902912621
1068,22.0,26.0,20.875,31.129032258064516,57.5360824742268,33.48453608247423,45.43298969072165
106997,8.166666666666666,24.894736842105264,31.63157894736842,15.384615384615385,59.96511627906977,40.46511627906977,54.47674418604651
10722,5.333333333333333,17.63157894736842,27.8,13.833333333333334,60.625,55.885416666666664,54.708333333333336
10748,19.0,13.5,17.09090909090909,27.428571428571427,52.43809523809524,60.68571428571428,49.67619047619048
10797,33.0,21.333333333333332,11.0,31.875,27.229508196721312,45.24590163934426,37.80327868852459
10857465,1.0,24.846153846153847,12.0,10.428571428571429,62.71134020618557,59.02061855670103,60.93814432989691
10882,1.0,21.076923076923077,12.0,14.714285714285714,63.14150943396226,72.50943396226415,63.06603773584906
10886,16.333333333333332,13.545454545454545,35.875,13.555555555555555,55.12658227848101,47.50632911392405,38.77215189873418
10890,15.0,27.11111111111111,17.0,4.2,49.05882352941177,53.6764705882353,46.76470588235294
10895,31.833333333333332,9.636363636363637,17.666666666666668,8.545454545454545,46.16279069767442,53.91860465116279,44.96511627906977
109-19-0,6.0,36.61538461538461,22.066666666666666,22.333333333333332,60.604651162790695,53.81395348837209,60.24418604651163
10925,27.8,16.2,21.11111111111111,28.724137931034484,73.0909090909091,21.606060606060606,51.04040404040404
11086,5.5,30.90909090909091,19.0,23.0,69.45192307692308,57.92307692307692,53.81730769230769
1110,18.8,18.09090909090909,19.142857142857142,14.9,40.11538461538461,35.26923076923077,35.51282051282051
11124,13.333333333333334,17.2,23.5,16.428571428571427,31.76923076923077,55.753846153846155,42.90769230769231
1136,25.0,27.5,34.266666666666666,20.41176470588235,61.6078431372549,33.470588235294116,48.77450980392157
11419,11.0,16.1,28.35,19.25,55.5,37.51282051282051,44.743589743589745
11428,24.5,35.0,29.105263157894736,24.8,62.75,33.785714285714285,53.035714285714285
11525,6.666666666666667,26.727272727272727,41.30769230769231,5.166666666666667,48.47191011235955,49.01123595505618,47.37078651685393
11527,1.0,43.77777777777778,36.5625,37.18181818181818,55.125,42.44318181818182,41.92045454545455
11529,30.4,18.153846153846153,11.090909090909092,20.5,46.936708860759495,51.79746835443038,44.20253164556962
11567,9.333333333333334,22.157894736842106,26.470588235294116,21.625,58.0989010989011,43.967032967032964,45.42857142857143
11569,38.666666666666664,33.75,18.375,28.0,38.394366197183096,53.267605633802816,45.67605633802817
11583,6.0,20.25,27.75,22.333333333333332,55.74390243902439,44.41463414634146,48.6219512195122
11614,21.6,19.25,30.0,21.8,38.36764705882353,44.98529411764706,43.35294117647059
11617,30.0,43.75,18.285714285714285,32.0,37.05084745762712,39.3728813559322,38.66101694915254
1183,1.0,12.4,1.5,1.5,73.25233644859813,85.11214953271028,81.61682242990655
11902,6.333333333333333,23.166666666666668,23.916666666666668,26.9375,53.5974025974026,40.753246753246756,42.09090909090909
11980,24.25,32.916666666666664,28.107142857142858,16.25,66.0,36.898989898989896,42.75757575757576
12020,18.6,25.125,27.714285714285715,34.3,45.14492753623188,41.6231884057971,40.0
12097,3.0,34.916666666666664,15.615384615384615,13.5,42.774647887323944,53.971830985915496,46.028169014084504
12178,23.333333333333332,28.869565217391305,27.4,18.68421052631579,54.01744186046512,39.49418604651163,40.19186046511628
12180,22.0,20.25,26.615384615384617,23.416666666666668,62.541666666666664,30.541666666666668,46.802083333333336
12206,26.77777777777778,25.307692307692307,24.0625,24.0,57.386138613861384,45.554455445544555,50.65346534653465
12265,19.714285714285715,12.857142857142858,24.8,16.666666666666668,62.20618556701031,50.876288659793815,55.77319587628866
12297,4.5,34.38461538461539,29.5,24.1,62.065934065934066,42.24175824175824,50.05494505494506
12327,15.0,27.444444444444443,21.428571428571427,26.181818181818183,55.979166666666664,51.5625,48.510416666666664
12348,17.25,30.071428571428573,35.166666666666664,29.125,54.84705882352941,57.56470588235294,52.37647058823529
12377,30.133333333333333,12.333333333333334,14.153846153846153,22.692307692307693,70.36538461538461,37.875,65.54807692307692
12506,28.333333333333332,35.2,18.0,19.416666666666668,43.108108108108105,43.33783783783784,37.67567567567568
12580,12.666666666666666,17.76923076923077,23.235294117647058,28.0,55.333333333333336,41.2,40.9
12587,28.25,9.0,18.3,23.68421052631579,48.16883116883117,29.272727272727273,38.285714285714285
126,8.333333333333334,21.692307692307693,19.3,32.45454545454545,45.78651685393258,50.30337078651685,39.31460674157304
12741,15.0,19.428571428571427,25.7,12.222222222222221,36.860759493670884,50.151898734177216,38.607594936708864
12748,16.714285714285715,20.9,22.2,20.76,59.0625,31.041666666666668,45.635416666666664
12810,7.8,23.75,13.375,11.4,59.41,70.74,61.73
12813,1.0,20.466666666666665,16.75,2.5,45.27956989247312,63.40860215053763,49.354838709677416
13187,6.666666666666667,35.25,25.0,11.8,47.88157894736842,56.526315789473685,47.60526315789474
13204,33.0,17.833333333333332,32.7,25.11111111111111,37.68571428571428,46.98571428571429,36.614285714285714
13216,19.333333333333332,16.181818181818183,20.357142857142858,27.285714285714285,42.629629629629626,50.17283950617284,43.95061728395062
13436,28.176470588235293,3.6,39.388888888888886,24.266666666666666,56.85,27.42,45.35
13561,10.0,25.818181818181817,31.11111111111111,17.90909090909091,31.09090909090909,50.60606060606061,39.65151515151515
14104,,18.333333333333332,26.25,31.6,39.34848484848485,44.77272727272727,49.21212121212121
14228,30.0,34.0,16.666666666666668,2.6666666666666665,19.272727272727273,48.93939393939394,34.303030303030305
14257,,13.4,22.2,29.88888888888889,44.76712328767123,39.23287671232877,39.465753424657535
14286,8.2,24.857142857142858,20.25,13.666666666666666,76.77064220183486,51.6605504587156,67.3302752293578
14296,22.25,26.7,30.0,22.9,60.67857142857143,35.833333333333336,39.345238095238095
14328,26.25,19.333333333333332,31.941176470588236,22.058823529411764,49.98765432098765,43.06172839506173,44.34567901234568
14491,19.0,28.0,16.25,38.916666666666664,61.45,29.85,46.75
14514,39.25,14.727272727272727,23.176470588235293,20.416666666666668,54.964285714285715,40.38095238095238,38.17857142857143
14525,16.0,23.38888888888889,25.571428571428573,17.166666666666668,49.236111111111114,45.90277777777778,51.333333333333336
145742,21.75,18.4,30.16,21.533333333333335,71.98989898989899,25.646464646464647,45.525252525252526
15037,20.272727272727273,29.3,23.291666666666668,19.166666666666668,58.22727272727273,35.89772727272727,38.17045454545455
15380,23.833333333333332,25.545454545454547,19.529411764705884,19.464285714285715,60.619565217391305,33.25,45.69565217391305
1549025,1.0,30.666666666666668,13.166666666666666,32.77777777777778,52.2972972972973,47.95945945945946,45.28378378378378
1549026,24.0,10.2,25.428571428571427,15.333333333333334,18.372881355932204,51.101694915254235,37.59322033898305
1550470,17.0,39.1,23.875,27.8,59.77215189873418,41.48101265822785,49.40506329113924
15510,23.689655172413794,8.0,32.8,38.34285714285714,85.26851851851852,20.26851851851852,56.620370370370374
1551246,1.0,27.52173913043478,33.1578947368421,9.0,61.62135922330097,62.57281553398058,58.38834951456311
15606,5.666666666666667,31.9,14.333333333333334,19.166666666666668,45.7375,57.8125,48.8375
15654,7.0,29.058823529411764,34.407407407407405,30.545454545454547,64.6875,28.729166666666668,40.927083333333336
15717,7.0,,38.0,14.5,31.53846153846154,37.717948717948715,39.87179487179487
159055,20.333333333333332,29.066666666666666,31.095238095238095,14.0,77.26415094339623,52.235849056603776,74.9622641509434
16220109,13.8,25.94736842105263,9.133333333333333,21.1875,63.960396039603964,47.415841584158414,50.92079207920792
16255,20.2,24.363636363636363,19.2,17.1,47.870588235294115,52.94117647058823,45.305882352941175
16324,15.454545454545455,21.642857142857142,23.1,22.029411764705884,68.21875,27.791666666666668,46.9375
16537,31.0,52.0,29.22222222222222,30.666666666666668,34.8,40.18333333333333,40.916666666666664
165675,4.25,34.80769230769231,14.631578947368421,20.875,68.63366336633663,53.82178217821782,63.693069306930695
16741,24.466666666666665,26.142857142857142,24.857142857142858,23.083333333333332,59.1530612244898,28.510204081632654,44.51020408163265
170833,23.0,26.347826086956523,30.272727272727273,11.6,62.40243902439025,52.97560975609756,61.52439024390244
17121,14.5,35.09090909090909,15.818181818181818,20.5,44.144578313253014,37.59036144578313,34.25301204819277
17525,19.571428571428573,34.375,27.5,27.63157894736842,35.93421052631579,37.68421052631579,41.05263157894737
176,76.0,23.666666666666668,39.75,28.4,17.5,47.104166666666664,39.395833333333336
17617,15.0,11.25,38.0,8.0,48.924050632911396,58.835443037974684,50.08860759493671
177,12.5,21.307692307692307,22.0,27.75,32.391891891891895,48.87837837837838,39.13513513513514
17898,4.666666666666667,9.222222222222221,27.866666666666667,27.59090909090909,83.76146788990826,43.34862385321101,63.77981651376147
180,33.0,40.166666666666664,52.0,26.333333333333332,33.8235294117647,54.13235294117647,39.75
18467,15.333333333333334,18.285714285714285,24.181818181818183,7.636363636363637,56.22105263157895,45.2,52.21052631578947
18554,41.0,17.6,20.818181818181817,32.583333333333336,48.24324324324324,35.986486486486484,39.729729729729726
18635,32.35,3.4285714285714284,28.842105263157894,27.714285714285715,75.17647058823529,27.15686274509804,51.76470588235294
18827,22.333333333333332,30.608695652173914,22.142857142857142,24.714285714285715,54.34736842105263,41.07368421052632,42.8421052631579
19310,37.47727272727273,16.470588235294116,26.44736842105263,26.5,71.16746411483254,23.688995215311003,52.92344497607655
196,23.0,33.42857142857143,16.5,39.0,26.396825396825395,46.58730158730159,39.42857142857143
21057,11.333333333333334,18.666666666666668,19.285714285714285,14.941176470588236,69.30392156862744,30.401960784313726,42.59803921568628
21363,22.875,33.416666666666664,19.166666666666668,23.071428571428573,55.08536585365854,32.01219512195122,41.75609756097561
21648,21.5,21.53846153846154,8.692307692307692,16.666666666666668,48.23711340206186,50.123711340206185,43.144329896907216
220674,7.5,26.22222222222222,14.777777777777779,21.53846153846154,48.825301204819276,59.78915662650602,51.44578313253012
2214,15.5,32.5,25.88888888888889,18.0,53.74390243902439,49.048780487804876,45.25609756097561
22310,5.0,30.272727272727273,13.142857142857142,25.7,34.22857142857143,47.628571428571426,40.72857142857143
22386,5.0,26.9,28.571428571428573,20.8,38.58108108108108,38.86486486486486,40.432432432432435
22873,10.5,16.384615384615383,32.916666666666664,22.8,54.21348314606742,45.58426966292135,38.61797752808989
228769,19.857142857142858,21.7,22.1,16.333333333333332,26.25423728813559,46.33898305084746,36.644067796610166
23235,27.571428571428573,30.344827586206897,25.54054054054054,23.72,56.654450261780106,35.69109947643979,40.460732984293195
2345,17.285714285714285,26.4375,16.571428571428573,34.2,42.0,47.5,39.7972972972973
2346,19.764705882352942,15.333333333333334,17.75,29.7,68.28971962616822,21.878504672897197,42.1588785046729
235414,1.0,25.46153846153846,20.5,29.333333333333332,45.40506329113924,66.87341772151899,49.74683544303797
23642,23.375,27.363636363636363,16.5,28.583333333333332,68.725,27.25,39.6375
239,37.666666666666664,21.0,13.75,15.666666666666666,36.432432432432435,50.189189189189186,38.16216216216216
240,10.5,20.5,15.7,16.6,60.54651162790697,62.63953488372093,55.53488372093023
24020,4.0,27.071428571428573,1.75,4.0,65.95454545454545,76.48181818181818,68.43636363636364
241,42.0,13.571428571428571,20.285714285714285,6.75,15.166666666666666,46.083333333333336,26.6875
24116,14.0,30.555555555555557,14.0,22.454545454545453,41.23456790123457,51.51851851851852,41.39506172839506
24197,41.833333333333336,30.727272727272727,19.9,18.857142857142858,19.96153846153846,46.75,30.48076923076923
24203,1.0,22.0,7.666666666666667,16.833333333333332,25.78846153846154,55.42307692307692,36.32692307692308
243,21.5,15.3,15.916666666666666,30.0,24.88888888888889,45.98412698412698,36.74603174603175
244,4.333333333333333,35.473684210526315,29.5625,19.0,60.475247524752476,49.396039603960396,48.0
24473,11.0,32.05882352941177,37.69565217391305,15.090909090909092,65.13592233009709,44.47572815533981,50.00970873786408
24513,1.0,39.5625,19.375,29.75,54.2183908045977,51.55172413793103,45.02298850574713
246728,2.5,32.75,16.333333333333332,24.454545454545453,51.43956043956044,51.94505494505494,47.879120879120876
24834,1.0,28.714285714285715,19.857142857142858,11.666666666666666,51.723404255319146,66.94680851063829,53.54255319148936
251531,4.0,13.88888888888889,18.1,19.4,38.01428571428571,56.07142857142857,48.48571428571429
2537,19.25,17.2,29.866666666666667,29.4,44.38028169014085,50.647887323943664,46.95774647887324
261,21.666666666666668,21.833333333333332,22.806451612903224,30.766666666666666,69.0909090909091,24.272727272727273,46.878787878787875
262,5.5,20.5,15.428571428571429,36.375,37.69565217391305,53.130434782608695,43.85507246376812
263,15.5,19.0,35.0,14.8,15.24074074074074,46.18518518518518,31.40740740740741
26331,8.5,24.46153846153846,27.11111111111111,16.5625,60.76923076923077,41.08791208791209,47.505494505494504
264,24.818181818181817,10.142857142857142,26.52,32.297872340425535,81.94392523364486,18.598130841121495,51.654205607476634
2682,25.0,25.5,17.11111111111111,18.285714285714285,40.325301204819276,39.87951807228916,41.144578313253014
2733294,25.0,33.45454545454545,24.8,27.214285714285715,52.8,44.62105263157895,46.38947368421053
27440,25.0,20.58823529411765,29.774193548387096,23.043478260869566,80.12380952380953,25.038095238095238,44.60952380952381
27457,29.0,29.09090909090909,29.714285714285715,25.04,76.28703703703704,37.55555555555556,57.861111111111114
27458,1.0,28.076923076923077,21.272727272727273,24.91304347826087,56.48780487804878,36.46341463414634,51.41463414634146
2758,1.0,32.76923076923077,31.22222222222222,42.0,59.40425531914894,62.07446808510638,62.61702127659574
2879,18.0,26.055555555555557,34.361111111111114,29.214285714285715,73.71153846153847,31.98076923076923,54.55769230769231
2969,15.75,21.666666666666668,21.954545454545453,24.866666666666667,63.50961538461539,28.509615384615383,44.11538461538461
3102,14.4,31.555555555555557,18.1875,17.363636363636363,50.38202247191011,44.80898876404494,36.449438202247194
311,18.0,35.888888888888886,27.75,14.25,23.2,50.06666666666667,32.08888888888889
31209,11.2,24.36842105263158,27.529411764705884,23.866666666666667,60.148514851485146,38.504950495049506,40.722772277227726
31210,8.0,25.333333333333332,30.875,15.571428571428571,43.8875,46.8,48.275
31219,,29.3,46.8,18.714285714285715,45.54929577464789,59.71830985915493,45.436619718309856
31225,22.75,12.5,33.4,25.714285714285715,38.674418604651166,53.651162790697676,52.93023255813954
31234,,34.0,36.84615384615385,11.538461538461538,49.22222222222222,47.022222222222226,43.22222222222222
31244,,25.153846153846153,30.0,29.75,59.29,64.24,52.01
31246,17.0,16.27777777777778,22.647058823529413,16.88888888888889,54.30927835051546,50.29896907216495,49.175257731958766
31249,1.0,36.52,18.416666666666668,15.125,60.083333333333336,59.479166666666664,49.385416666666664
31252,5.0,15.375,31.333333333333332,34.0,42.96969696969697,41.93939393939394,41.484848484848484
31260,11.666666666666666,16.166666666666668,36.2,20.666666666666668,51.236111111111114,47.416666666666664,43.22222222222222
31265,8.5,24.466666666666665,15.0,28.4,64.01923076923077,75.24038461538461,63.18269230769231
31266,22.25,22.666666666666668,11.0,18.833333333333332,46.775,64.425,54.4875
31268,25.25,17.333333333333332,24.307692307692307,20.88888888888889,26.75,38.916666666666664,33.45
31272,3.0,28.333333333333332,19.9375,6.5,57.136842105263156,58.0,57.22105263157895
31276,8.5,32.23076923076923,34.666666666666664,15.833333333333334,52.62068965517241,62.01149425287356,53.4367816091954
31283,32.0,36.2,18.0,23.5,34.26229508196721,48.540983606557376,39.85245901639344
31404,10.25,23.555555555555557,11.875,5.4,33.049180327868854,51.73770491803279,38.540983606557376
323,1.0,15.642857142857142,21.846153846153847,11.75,70.3644859813084,66.17757009345794,59.925233644859816
325,24.0,26.727272727272727,26.666666666666668,22.0,56.2375,35.1375,41.2125
32594,17.5,27.9,9.333333333333334,14.25,76.24074074074075,39.416666666666664,53.870370370370374
326,22.8,10.8,9.8,5.75,43.828947368421055,53.63157894736842,43.94736842105263
33032,20.0,29.5,30.0,20.428571428571427,45.77777777777778,40.23809523809524,33.333333333333336
3314,3.75,26.142857142857142,28.0,15.6,67.74285714285715,64.79047619047618,66.8
356,1.0,24.153846153846153,21.5,30.6,48.85294117647059,51.05882352941177,41.80882352941177
3578033,14.75,19.823529411764707,14.789473684210526,17.705882352941178,55.48453608247423,33.855670103092784,39.103092783505154
36822,5.333333333333333,17.428571428571427,23.555555555555557,18.214285714285715,57.235955056179776,50.59550561797753,57.20224719101124
3776,10.0,30.333333333333332,20.166666666666668,13.0,16.114285714285714,39.885714285714286,32.4
379,13.0,20.875,19.25,28.764705882352942,59.79120879120879,30.593406593406595,48.956043956043956
3796-70-1,24.5,27.333333333333332,40.0,6.625,31.924242424242426,45.696969696969695,42.46969696969697
3893,16.8,26.523809523809526,27.783783783783782,20.0,56.53939393939394,33.06666666666667,44.515151515151516
4133,1.0,25.263157894736842,20.0,33.0,56.103896103896105,59.66233766233766,56.55844155844156
439570,1.0,37.06666666666667,8.5,7.8,78.45454545454545,78.38181818181818,79.54545454545455
440917,10.0,39.166666666666664,13.714285714285714,10.545454545454545,37.20253164556962,42.139240506329116,42.40506329113924
440967,11.666666666666666,28.88,34.0,24.0,58.45454545454545,52.13636363636363,56.70454545454545
444539,34.888888888888886,15.444444444444445,26.695652173913043,23.72222222222222,66.31067961165049,41.38834951456311,49.18446601941748
444683,33.0,13.071428571428571,19.375,9.9,20.661290322580644,50.45161290322581,37.145161290322584
444972,16.6,19.666666666666668,18.555555555555557,20.4,46.343283582089555,40.61194029850746,49.52238805970149
454,1.0,24.043478260869566,19.133333333333333,19.583333333333332,61.50515463917526,47.20618556701031,55.96907216494845
460,14.0,26.5,17.033333333333335,25.0,58.64248704663213,39.30569948186528,44.72020725388601
519539,9.625,17.22222222222222,25.65,24.0,70.4,28.61904761904762,42.56190476190476
520108,6.4,24.285714285714285,18.727272727272727,21.166666666666668,78.10280373831776,47.02803738317757,63.654205607476634
520191,42.8,25.11111111111111,26.90909090909091,25.25,56.157303370786515,35.96629213483146,42.79775280898876
520296,17.166666666666668,21.5,23.833333333333332,14.0,27.08730158730159,45.98412698412698,37.404761904761905
521238,12.5,21.176470588235293,25.352941176470587,20.555555555555557,64.91666666666667,50.927083333333336,50.4375
526618,29.166666666666668,24.285714285714285,24.333333333333332,27.125,52.825581395348834,30.430232558139537,42.116279069767444
5273467,20.0,28.181818181818183,5.6,22.857142857142858,20.62962962962963,47.388888888888886,32.68518518518518
5280450,12.666666666666666,21.136363636363637,18.67241379310345,29.719298245614034,78.69907407407408,24.171296296296298,47.541666666666664
5281167,30.75,28.46153846153846,26.5,19.0,62.00961538461539,55.26923076923077,65.32692307692308
5281168,18.5,19.41176470588235,13.6875,11.909090909090908,55.66304347826087,40.29347826086956,41.96739130434783
5315892,16.333333333333332,18.0,22.9375,21.210526315789473,68.22680412371135,45.22680412371134,53.11340206185567
5318599,8.75,42.18181818181818,26.272727272727273,25.88888888888889,55.641975308641975,41.2962962962963,41.23456790123457
5352539,29.333333333333332,20.416666666666668,23.22222222222222,17.4,57.845238095238095,44.845238095238095,49.92857142857143
5352837,2.0,37.63636363636363,20.428571428571427,28.857142857142858,59.15686274509804,62.745098039215684,64.62745098039215
5355850,32.333333333333336,46.77777777777778,22.583333333333332,23.25,39.59016393442623,49.622950819672134,42.885245901639344
5362588,1.3333333333333333,22.11111111111111,24.333333333333332,14.666666666666666,52.13186813186813,52.956043956043956,43.417582417582416
5362798,1.0,29.076923076923077,14.181818181818182,17.90909090909091,51.51162790697674,50.93023255813954,46.19767441860465
5362814,16.875,19.5,17.692307692307693,30.32,61.80612244897959,30.5,45.704081632653065
5363233,15.75,29.647058823529413,32.25,29.142857142857142,52.46478873239437,37.690140845070424,37.943661971830984
5363388,2.3333333333333335,25.0625,11.0,10.88888888888889,61.1063829787234,66.92553191489361,69.73404255319149
5363491,25.666666666666668,38.625,20.77777777777778,12.4,20.482758620689655,47.85057471264368,31.022988505747126
5364231,21.4,21.266666666666666,13.0,9.75,51.67368421052632,49.56842105263158,49.33684210526316
5364729,23.375,34.285714285714285,13.583333333333334,13.933333333333334,60.367924528301884,42.62264150943396,47.91509433962264
5365027,19.75,16.2,30.384615384615383,14.052631578947368,67.12871287128714,35.306930693069305,43.76237623762376
5365049,8.0,30.214285714285715,8.25,28.444444444444443,47.91025641025641,60.282051282051285,50.82051282051282
5366244,9.0,28.333333333333332,22.8,21.9,57.57142857142857,31.771428571428572,42.15714285714286
5367698,37.25,22.5,31.285714285714285,19.375,40.11940298507463,43.71641791044776,40.19402985074627
5367706,20.25,21.6,22.142857142857142,34.6,36.36065573770492,44.22950819672131,35.557377049180324
5368076,6.0,15.909090909090908,4.333333333333333,15.583333333333334,38.291666666666664,52.59722222222222,47.263888888888886
5371102,26.75,14.636363636363637,27.88888888888889,10.666666666666666,36.041666666666664,48.666666666666664,39.083333333333336
5541,14.75,21.307692307692307,25.428571428571427,28.22222222222222,51.395604395604394,36.032967032967036,46.75824175824176
556940,40.45454545454545,26.5,18.0,24.818181818181817,68.80392156862744,25.58823529411765,46.15686274509804
5610,,17.5,12.9,25.5,45.53333333333333,40.1,47.35
565690,29.0,11.666666666666666,36.666666666666664,23.2,28.84375,54.4375,37.984375
5779,4.333333333333333,25.2,34.142857142857146,22.857142857142858,60.67391304347826,60.28260869565217,58.90217391304348
5780,30.818181818181817,27.555555555555557,16.933333333333334,33.130434782608695,60.726190476190474,35.404761904761905,51.23809523809524
5862,25.066666666666666,25.75,40.2,40.06896551724138,59.2972972972973,21.2972972972973,42.17567567567568
5950,15.0,26.75,19.6,10.75,24.129032258064516,51.274193548387096,33.145161290322584
595928,20.0,22.0,11.333333333333334,11.25,45.0,45.898305084745765,35.779661016949156
5960,14.333333333333334,30.23076923076923,23.6,23.181818181818183,53.03896103896104,33.0,44.55844155844156
5961,35.0,27.0,46.0,14.285714285714286,24.020833333333332,50.645833333333336,34.166666666666664
5962,19.625,22.166666666666668,28.43243243243243,30.27027027027027,70.71428571428571,22.80952380952381,47.095238095238095
6050,18.428571428571427,20.444444444444443,22.375,27.62962962962963,54.19767441860465,29.046511627906977,44.77906976744186
6054,1.0,25.0,32.916666666666664,9.714285714285714,65.05714285714286,57.68571428571428,61.82857142857143
6057,,32.25,14.555555555555555,16.571428571428573,28.363636363636363,44.0,32.72727272727273
60998,18.666666666666668,23.416666666666668,23.555555555555557,25.785714285714285,39.60526315789474,48.53947368421053,43.76315789473684
60999,33.0,25.4,26.625,22.727272727272727,48.36986301369863,36.71232876712329,45.36986301369863
61005,14.5,20.615384615384617,36.4,38.8,48.72222222222222,47.388888888888886,39.611111111111114
61024,2.6666666666666665,10.857142857142858,17.833333333333332,1.0,25.254545454545454,54.89090909090909,37.8
61027,38.285714285714285,30.75,12.0,21.692307692307693,49.49367088607595,37.44303797468354,48.139240506329116
61048,4.5,26.22222222222222,26.166666666666668,24.666666666666668,61.9,48.144444444444446,48.43333333333333
61052,1.0,7.75,36.529411764705884,18.166666666666668,50.310810810810814,41.2972972972973,45.310810810810814
6106,11.571428571428571,24.833333333333332,23.22222222222222,37.16,60.82795698924731,32.763440860215056,44.38709677419355
61130,10.666666666666666,20.444444444444443,28.77777777777778,29.833333333333332,52.36486486486486,43.729729729729726,45.648648648648646
61138,32.285714285714285,15.4,23.73076923076923,32.75,72.96261682242991,14.878504672897197,46.58878504672897
6114390,47.0,38.285714285714285,52.46153846153846,9.625,61.57692307692308,57.86538461538461,62.24038461538461
61151,36.5,35.333333333333336,13.222222222222221,21.5,36.05882352941177,47.14705882352941,39.411764705882355
61155,34.4,25.15,22.076923076923077,28.0,65.36893203883496,41.320388349514566,45.9126213592233
61177,9.666666666666666,13.25,37.27777777777778,24.6,50.833333333333336,46.523809523809526,40.095238095238095
61185,62.333333333333336,15.0,18.0,7.833333333333333,28.763636363636362,53.32727272727273,34.18181818181818
61192,22.53846153846154,14.571428571428571,27.0,15.642857142857142,53.96808510638298,37.648936170212764,50.3936170212766
61199,25.5,14.5,25.666666666666668,3.2857142857142856,48.464285714285715,63.666666666666664,57.101190476190474
61204,16.0,22.692307692307693,14.0,30.0,52.92134831460674,60.70786516853933,47.50561797752809
61209,28.8,22.6,9.333333333333334,33.55555555555556,78.43119266055047,40.15596330275229,57.80733944954128
61229,1.0,18.2,1.0,17.0,59.51456310679612,73.4368932038835,67.4368932038835
61252,38.54545454545455,16.5,28.8,29.291666666666668,69.33734939759036,25.397590361445783,45.433734939759034
61293,31.0,16.545454545454547,11.5,17.9,46.6,50.06666666666667,48.72222222222222
61325,15.5,25.3,20.38095238095238,18.82608695652174,65.68867924528301,27.047169811320753,44.801886792452834
61331,22.25,24.764705882352942,23.076923076923077,24.0,66.40776699029126,39.84466019417476,52.15533980582524
61337,23.416666666666668,25.0,16.2,20.529411764705884,48.45783132530121,35.44578313253012,40.51807228915663
6137,22.61904761904762,18.571428571428573,27.642857142857142,39.27777777777778,64.67676767676768,24.464646464646464,43.80808080808081
61386,34.8,39.8,17.454545454545453,30.58823529411765,46.863013698630134,38.31506849315068,38.31506849315068
6140,20.333333333333332,7.857142857142857,23.23076923076923,26.714285714285715,32.3134328358209,42.0,36.53731343283582
61408,10.0,31.46153846153846,21.6875,24.555555555555557,52.659574468085104,58.6063829787234,48.180851063829785
61523,20.0,12.833333333333334,24.6,27.666666666666668,42.690140845070424,54.521126760563384,44.859154929577464
61527,23.333333333333332,24.142857142857142,40.42857142857143,27.25,50.0,36.972972972972975,43.472972972972975
61641,37.5,19.666666666666668,28.125,24.142857142857142,26.691176470588236,42.13235294117647,35.794117647058826
61653,21.333333333333332,27.5,17.6,22.68421052631579,54.8,37.977777777777774,47.56666666666667
61659,26.357142857142858,22.555555555555557,25.94736842105263,22.44,75.34905660377359,23.452830188679247,48.367924528301884
61670,49.0,17.333333333333332,28.75,30.875,40.89393939393939,46.46969696969697,44.166666666666664
61771,16.0,32.59090909090909,30.22222222222222,14.7,69.71428571428571,50.12380952380953,51.91428571428571
61809,21.0,22.7,15.636363636363637,20.05,66.54716981132076,30.81132075471698,43.91509433962264
6184,27.333333333333332,21.428571428571427,25.105263157894736,27.68421052631579,60.723684210526315,27.80263157894737,38.05263157894737
61918,34.142857142857146,22.9,34.54545454545455,25.62962962962963,65.25,32.354166666666664,55.15625
61945,1.0,27.8,25.75,8.333333333333334,29.369565217391305,47.04347826086956,33.97826086956522
6202,28.642857142857142,13.571428571428571,23.416666666666668,36.0,64.37037037037037,35.9537037037037,48.157407407407405
62087,16.833333333333332,40.5,41.4375,31.857142857142858,40.1578947368421,43.75438596491228,39.87719298245614
62089,23.5,23.466666666666665,20.210526315789473,17.0,69.8952380952381,28.19047619047619,45.04761904761905
6213,25.0,16.714285714285715,27.6,31.5,34.58730158730159,55.74603174603175,46.77777777777778
62144,33.4,13.8,25.94736842105263,25.71875,87.10091743119266,22.91743119266055,56.53211009174312
62332,6.0,30.6,11.0,23.714285714285715,31.357142857142858,55.982142857142854,37.267857142857146
62351,20.185185185185187,11.6,34.142857142857146,20.696969696969695,72.97115384615384,29.548076923076923,48.68269230769231
62374,12.75,15.375,25.333333333333332,29.444444444444443,43.22222222222222,50.5679012345679,47.51851851851852
62375,13.0,31.571428571428573,25.88235294117647,22.571428571428573,52.31521739130435,41.141304347826086,40.34782608695652
62378,2.0,36.25,39.0,28.166666666666668,55.144444444444446,46.144444444444446,45.955555555555556
62444,30.863636363636363,22.5,17.551724137931036,33.17948717948718,80.95412844036697,10.65137614678899,47.6605504587156
62465,16.5,24.5,18.428571428571427,31.0,73.82857142857142,42.7047619047619,54.923809523809524
62572,14.25,20.875,28.0,32.666666666666664,48.98850574712644,60.08045977011494,50.6551724137931
62580,5.0,27.0,21.142857142857142,25.5,27.894736842105264,45.719298245614034,34.40350877192982
62725,26.285714285714285,26.153846153846153,24.066666666666666,11.222222222222221,48.85057471264368,43.44827586206897,40.57471264367816
6274,4.75,41.0,22.714285714285715,29.75,41.18666666666667,38.10666666666667,38.53333333333333
6276,17.6,25.7,26.105263157894736,24.625,49.111111111111114,33.20987654320987,41.135802469135804
62835,13.5,18.454545454545453,34.6,11.153846153846153,59.880434782608695,53.96739130434783,55.44565217391305
6287,38.666666666666664,30.666666666666668,27.428571428571427,17.125,38.96969696969697,44.24242424242424,39.90909090909091
62900,10.0,25.833333333333332,2.5,17.333333333333332,62.45454545454545,65.4040404040404,56.95959595959596
62902,3.6666666666666665,21.428571428571427,3.8,23.285714285714285,55.196172248803826,69.87081339712918,57.63157894736842
6322,,26.0,9.4,14.0,19.853658536585368,46.19512195121951,29.902439024390244
6374,33.625,25.36842105263158,26.75862068965517,15.25,76.56481481481481,33.46296296296296,51.916666666666664
637563,1.0,19.75,19.5,13.0,50.21590909090909,57.59090909090909,59.71590909090909
637566,,19.4,22.4,27.4,59.223404255319146,60.42553191489362,54.03191489361702
637758,7.2,17.166666666666668,16.2,24.75,58.78313253012048,58.373493975903614,43.6144578313253
637776,34.333333333333336,4.857142857142857,12.428571428571429,20.333333333333332,33.71666666666667,52.35,42.18333333333333
637796,10.25,28.307692307692307,21.4,9.75,35.732394366197184,58.098591549295776,48.267605633802816
638014,10.5,37.142857142857146,23.75,17.77777777777778,60.97872340425532,55.319148936170215,51.191489361702125
638024,12.833333333333334,17.166666666666668,14.5,15.333333333333334,46.028985507246375,49.95652173913044,42.65217391304348
6386,34.5,24.666666666666668,28.3125,34.714285714285715,45.75342465753425,49.47945205479452,43.26027397260274
641256,15.5,19.714285714285715,33.666666666666664,24.857142857142858,33.5,48.628571428571426,41.75714285714286
641423,11.4,17.90909090909091,36.1,23.75,52.116279069767444,52.383720930232556,42.16279069767442
6429333,43.0,7.9,21.428571428571427,14.25,19.910714285714285,44.44642857142857,32.232142857142854
643820,24.5,31.933333333333334,29.363636363636363,26.166666666666668,52.94117647058823,56.51764705882353,52.34117647058824
6448,4.666666666666667,27.705882352941178,28.4,25.5,33.19277108433735,45.42168674698795,37.0
650,22.666666666666668,27.76923076923077,11.03225806451613,16.583333333333332,69.41747572815534,29.893203883495147,49.61165048543689
6501,83.0,20.428571428571427,43.25,13.75,38.17307692307692,58.05769230769231,42.34615384615385
6505,32.0,25.142857142857142,12.0,16.333333333333332,30.604166666666668,45.8125,36.4375
6506,25.666666666666668,29.181818181818183,14.615384615384615,12.5,27.896551724137932,42.6551724137931,36.775862068965516
6544,3.0,15.6,32.0,25.428571428571427,45.073170731707314,52.6219512195122,46.353658536585364
6549,21.5,18.105263157894736,19.166666666666668,15.5,49.28888888888889,70.85555555555555,51.666666666666664
6560,5.0,30.7,26.0,11.0,33.37313432835821,40.298507462686565,37.014925373134325
6561,16.0,20.77777777777778,16.16,21.642857142857142,70.16666666666667,25.686274509803923,41.245098039215684
6569,15.0,32.5,20.0,22.166666666666668,28.215384615384615,45.53846153846154,32.276923076923076
6584,10.5,22.75,30.307692307692307,31.11111111111111,53.04054054054054,29.85135135135135,48.608108108108105
6590,33.0,18.2,29.3,20.625,45.205882352941174,33.14705882352941,42.1764705882353
660,8.5,22.142857142857142,24.4,19.8,55.14141414141414,64.73737373737374,51.93939393939394
6658,24.285714285714285,23.53846153846154,19.7,8.75,40.40845070422535,42.28169014084507,42.53521126760563
6669,12.0,27.916666666666668,25.555555555555557,12.75,48.71875,64.11458333333333,51.583333333333336
6753,,26.666666666666668,28.0,6.0,25.652173913043477,53.65217391304348,38.80434782608695
679,32.333333333333336,23.857142857142858,22.916666666666668,22.0,43.871428571428574,34.67142857142857,41.68571428571428
6826,,39.55555555555556,44.0,41.333333333333336,34.55263157894737,59.60526315789474,45.28947368421053
6920,41.0,19.25,23.714285714285715,15.0,36.65277777777778,48.486111111111114,43.361111111111114
6943,23.5,22.727272727272727,20.82608695652174,12.583333333333334,65.47826086956522,35.25,43.619565217391305
6989,1.0,21.22222222222222,17.785714285714285,13.818181818181818,57.166666666666664,44.739583333333336,53.145833333333336
69963,20.166666666666668,27.555555555555557,20.625,9.5,47.61038961038961,48.493506493506494,43.285714285714285
6997,42.0,35.411764705882355,33.083333333333336,11.153846153846153,75.70093457943925,31.121495327102803,58.16822429906542
6998,19.0,40.785714285714285,25.22222222222222,24.22222222222222,66.43,34.76,46.17
6999977,3.6666666666666665,16.166666666666668,9.125,38.666666666666664,47.486486486486484,49.7027027027027,46.41891891891892
702,24.0,39.5,2.0,14.0,16.85185185185185,55.24074074074074,37.75925925925926
7047,27.0,19.77777777777778,17.90909090909091,25.2,70.10416666666667,27.520833333333332,44.9375
7059,,27.333333333333332,36.642857142857146,10.6,60.255102040816325,47.58163265306123,44.12244897959184
7092,1.0,29.928571428571427,30.933333333333334,28.692307692307693,71.5904761904762,47.285714285714285,52.0
7095,8.0,20.708333333333332,27.764705882352942,14.4,58.57446808510638,39.62765957446808,39.91489361702128
7119,4.0,20.428571428571427,35.1875,18.833333333333332,77.0925925925926,57.94444444444444,58.870370370370374
7122,13.0,29.954545454545453,31.333333333333332,19.375,71.53271028037383,57.42056074766355,60.23364485981308
7127,29.25,26.625,14.0,10.0,29.4,54.784615384615385,43.292307692307695
7136,11.75,11.875,10.333333333333334,11.2,40.86585365853659,61.75609756097561,52.74390243902439
7137,3.25,36.833333333333336,13.625,12.5,51.97959183673469,62.45918367346939,57.93877551020408
7144,28.454545454545453,26.105263157894736,18.181818181818183,17.31578947368421,50.28395061728395,41.39506172839506,47.52469135802469
7147,44.5,30.692307692307693,14.0,30.0,30.78181818181818,52.56363636363636,35.43636363636364
7150,11.5,28.5,14.0,29.0,25.51851851851852,46.81481481481482,36.51851851851852
7151,18.666666666666668,26.88235294117647,28.08695652173913,17.3,67.58585858585859,38.37373737373738,40.111111111111114
7165,1.0,33.73684210526316,18.583333333333332,18.0,56.1125,57.6125,47.85
7194,,36.0,20.375,6.5,32.08064516129032,52.25806451612903,39.70967741935484
7288,13.5,16.1,27.555555555555557,11.5,46.575,43.0375,47.0875
7302,29.333333333333332,10.75,36.25,28.058823529411764,37.44117647058823,34.955882352941174,38.794117647058826
7335,36.916666666666664,26.5625,22.692307692307693,26.636363636363637,59.97826086956522,34.17391304347826,40.858695652173914
7341,20.2,12.777777777777779,16.0,29.0,33.327586206896555,44.98275862068966,37.672413793103445
7360,9.666666666666666,22.75,20.7,13.285714285714286,25.527272727272727,43.56363636363636,33.92727272727273
7361,21.22222222222222,11.125,27.7,31.583333333333332,44.22784810126582,41.44303797468354,44.151898734177216
7409,1.0,15.285714285714286,9.0,19.666666666666668,39.37096774193548,48.79032258064516,40.95161290322581
7410,15.333333333333334,25.875,27.76923076923077,16.142857142857142,66.17894736842105,52.76842105263158,53.410526315789475
7463,9.0,27.5,31.444444444444443,19.5,75.41509433962264,42.009433962264154,55.20754716981132
7476,9.666666666666666,26.46153846153846,32.625,17.333333333333332,64.48543689320388,60.53398058252427,53.45631067961165
750,19.8,31.428571428571427,39.75,19.2,38.45333333333333,57.22666666666667,44.973333333333336
7500,1.0,28.0,23.5,31.625,59.1125,39.9625,46.9
7519,22.6,28.333333333333332,28.333333333333332,21.0,59.795180722891565,36.6144578313253,41.65060240963855
753,21.0,44.333333333333336,27.714285714285715,38.5,28.41860465116279,44.72093023255814,32.46511627906977
7559,9.0,39.411764705882355,34.5,27.894736842105264,63.96153846153846,42.60576923076923,51.89423076923077
7583,11.5,31.181818181818183,35.625,5.0,46.86666666666667,48.906666666666666,40.973333333333336
7593,14.333333333333334,26.2,27.310344827586206,20.2,59.694736842105264,37.14736842105263,49.02105263157895
7601,23.666666666666668,31.0,22.857142857142858,26.25,34.11666666666667,53.18333333333333,32.36666666666667
7632,12.5,26.5,13.875,24.666666666666668,29.634920634920636,60.17460317460318,45.61904761904762
7635,29.5,20.0,3.8333333333333335,6.666666666666667,37.95774647887324,45.04225352112676,36.67605633802817
7654,2.0,24.785714285714285,15.545454545454545,18.125,53.02298850574713,55.64367816091954,56.49425287356322
7657,1.0,13.714285714285714,17.333333333333332,20.333333333333332,56.79545454545455,60.85227272727273,51.47727272727273
7695,5.0,25.3,28.25,31.2,46.95402298850575,60.333333333333336,46.71264367816092
7720,27.0,25.125,24.88,19.47222222222222,66.58,22.36,42.79
7731,20.0,23.6875,21.066666666666666,19.76923076923077,58.597938144329895,51.69072164948454,49.11340206185567
7749,24.142857142857142,24.785714285714285,26.0,19.38095238095238,66.28421052631579,36.23157894736842,48.02105263157895
7761,6.5,17.5,4.666666666666667,20.125,43.888888888888886,66.95959595959596,54.74747474747475
7762,10.0,15.23076923076923,22.625,31.454545454545453,64.93069306930693,60.445544554455445,60.04950495049505
7765,11.333333333333334,33.77777777777778,23.384615384615383,9.75,46.12987012987013,45.0,40.4025974025974
7768,28.25,39.27272727272727,22.571428571428573,28.384615384615383,30.926470588235293,43.61764705882353,35.044117647058826
7770,26.0,17.142857142857142,25.58823529411765,23.38095238095238,52.92631578947368,38.72631578947368,46.97894736842105
778574,12.6,26.384615384615383,14.466666666666667,18.1875,61.333333333333336,46.784946236559136,42.61290322580645
7792,31.0,35.642857142857146,27.0,30.444444444444443,61.0945945945946,41.17567567567568,52.945945945945944
7793,7.0,22.142857142857142,14.4375,20.0,58.416666666666664,56.90625,54.270833333333336
7795,15.25,29.444444444444443,17.875,23.636363636363637,48.151898734177216,50.177215189873415,46.10126582278481
7797,27.0,20.25,24.0,21.333333333333332,53.41489361702128,59.56382978723404,52.48936170212766
7799,21.0,18.53846153846154,1.2,12.5,51.3,64.41111111111111,52.43333333333333
7803,11.5,23.176470588235293,22.545454545454547,32.0,57.04,45.72,45.28
7820,3.0,27.307692307692307,23.73913043478261,30.76923076923077,58.515151515151516,46.333333333333336,44.717171717171716
7824,13.0,24.555555555555557,27.0,11.1,54.25581395348837,54.56976744186046,48.91860465116279
7826,72.0,39.083333333333336,24.166666666666668,31.142857142857142,41.067567567567565,56.63513513513514,45.32432432432432
78925,28.384615384615383,31.0,24.76923076923077,31.636363636363637,63.30379746835443,35.9746835443038,48.620253164556964
7894,43.0,20.714285714285715,24.2,24.0,29.683333333333334,42.28333333333333,35.61666666666667
7915,28.0,39.23076923076923,18.3125,23.285714285714285,30.95689655172414,46.827586206896555,45.01724137931034
7916,26.0,33.166666666666664,13.5,25.0,23.666666666666668,46.3125,34.0625
7921,29.0,12.857142857142858,12.375,10.6,22.29310344827586,51.327586206896555,35.241379310344826
7937,32.888888888888886,27.846153846153847,32.36842105263158,40.11764705882353,66.88349514563107,32.359223300970875,45.067961165048544
7967,12.333333333333334,29.757575757575758,29.5,14.666666666666666,52.6,45.1625,44.09375
7969,35.44444444444444,65.0,30.555555555555557,31.923076923076923,46.30508474576271,30.491525423728813,40.40677966101695
7983,31.25,21.8,28.5,23.80952380952381,45.08791208791209,41.989010989010985,46.40659340659341
7991,15.285714285714286,36.333333333333336,28.09090909090909,26.57894736842105,42.86764705882353,29.205882352941178,36.39705882352941
7997,4.0,16.5,43.54545454545455,38.333333333333336,36.49295774647887,45.563380281690144,49.95774647887324
8007,29.0,26.166666666666668,43.8,7.333333333333333,19.43103448275862,47.1551724137931,34.10344827586207
8025,19.5,13.583333333333334,21.555555555555557,22.375,42.0,39.32258064516129,38.66129032258065
8030,24.8,22.444444444444443,27.157894736842106,37.5,45.07692307692308,34.88111888111888,46.00699300699301
8042,,22.88888888888889,25.0,18.714285714285715,23.509090909090908,47.67272727272727,29.10909090909091
8048,5.0,19.09090909090909,18.571428571428573,6.666666666666667,46.1219512195122,55.1219512195122,46.670731707317074
8049,1.0,27.0,44.6,29.8,44.88732394366197,66.59154929577464,54.816901408450704
8051,1.5,23.0,27.555555555555557,28.0,55.6375,53.1375,43.0
8063,40.0,5.4,25.25,36.5,32.15625,45.78125,41.75
807,17.0,21.785714285714285,31.894736842105264,38.86363636363637,63.36842105263158,25.644736842105264,46.078947368421055
8077,32.58064516129032,11.857142857142858,31.1,24.7,73.72641509433963,24.71698113207547,51.87735849056604
8078,3.5,29.0,28.2,18.125,53.5,44.627906976744185,53.51162790697674
8082,22.0625,28.692307692307693,31.875,38.142857142857146,57.146067415730336,27.39325842696629,47.853932584269664
8091,14.8,15.0,10.25,4.666666666666667,44.36470588235294,59.65882352941176,43.8235294117647
8093,15.333333333333334,24.0,17.692307692307693,19.833333333333332,50.44578313253012,52.433734939759034,46.566265060240966
8094,36.714285714285715,27.5,25.966666666666665,31.7,64.0576923076923,25.682692307692307,40.38461538461539
8103,8.0,20.3,23.818181818181817,32.22222222222222,48.166666666666664,54.916666666666664,52.72222222222222
8118,34.8,20.333333333333332,23.6,30.076923076923077,24.081632653061224,43.53061224489796,30.6734693877551
8122,28.0,5.333333333333333,19.0,26.428571428571427,37.03125,44.953125,36.59375
8125,16.5,33.214285714285715,14.8,25.5,36.986486486486484,43.054054054054056,44.108108108108105
8129,7.333333333333333,22.310344827586206,27.84375,22.142857142857142,52.98843930635838,53.84393063583815,47.84971098265896
8137,9.0,22.75,20.1,17.3,63.19230769230769,61.74038461538461,58.61538461538461
8159,4.0,30.85,35.92307692307692,28.3,63.89010989010989,56.747252747252745,50.43956043956044
8163,22.2,32.666666666666664,28.285714285714285,20.166666666666668,60.157303370786515,46.168539325842694,45.47191011235955
8174,15.75,33.0,29.45,18.625,52.936708860759495,41.54430379746835,46.0
8175,18.857142857142858,21.0,20.88235294117647,19.5,70.07920792079207,30.871287128712872,48.21782178217822
8180,20.0,29.77777777777778,29.869565217391305,19.210526315789473,70.1747572815534,26.844660194174757,43.99029126213592
8184,2.5,27.526315789473685,34.9,30.77777777777778,59.79,41.42,44.46
8186,11.5,21.666666666666668,19.166666666666668,37.375,55.0,40.01449275362319,42.43478260869565
8193,40.666666666666664,27.0,22.1875,15.833333333333334,52.134328358208954,38.08955223880597,44.40298507462686
8205,29.0,25.88888888888889,23.142857142857142,22.375,28.593220338983052,46.186440677966104,34.728813559322035
82227,9.666666666666666,20.25,29.181818181818183,4.333333333333333,48.12048192771084,49.12048192771084,44.493975903614455
8294,44.5,13.125,28.0,25.5,30.418181818181818,52.38181818181818,38.90909090909091
8363,18.5,33.5,27.363636363636363,16.5,38.943661971830984,55.71830985915493,39.42253521126761
8375,34.0,23.142857142857142,30.714285714285715,19.363636363636363,65.51923076923077,34.10576923076923,46.88461538461539
8419,1.0,23.5,8.571428571428571,14.571428571428571,57.305263157894736,69.71578947368421,65.56842105263158
8438,25.0,22.307692307692307,17.5,18.333333333333332,57.285714285714285,71.39795918367346,60.03061224489796
8452,9.2,23.428571428571427,25.384615384615383,18.357142857142858,68.00980392156863,32.568627450980394,41.6078431372549
8456,3.0,28.8,24.5,6.0,53.76623376623377,39.44155844155844,46.84415584415584
8467,1.0,16.4,13.0,5.4,73.12844036697248,84.10091743119266,78.57798165137615
8468,1.6666666666666667,32.875,7.714285714285714,27.6,50.7710843373494,50.46987951807229,49.31325301204819
853433,7.0,26.583333333333332,17.333333333333332,8.0,73.39622641509433,67.68867924528301,65.90566037735849
85522,21.68421052631579,32.0,29.666666666666668,26.516129032258064,63.57608695652174,26.043478260869566,42.96739130434783
8615,17.75,36.857142857142854,18.142857142857142,18.77777777777778,33.40983606557377,54.622950819672134,44.19672131147541
8635,2.0,28.666666666666668,10.555555555555555,8.4,66.87378640776699,64.69902912621359,59.37864077669903
8658,17.235294117647058,24.93103448275862,21.27027027027027,24.7,56.96195652173913,37.55434782608695,46.22826086956522
8697,24.571428571428573,28.75,20.272727272727273,24.0,61.285714285714285,33.07142857142857,47.1530612244898
8712,14.181818181818182,16.6,32.411764705882355,36.0,58.57692307692308,32.51282051282051,48.82051282051282
8723,1.0,36.04347826086956,18.38095238095238,25.714285714285715,55.1,38.1,43.3875
875,41.5,23.8,28.77777777777778,18.833333333333332,29.254545454545454,49.49090909090909,36.163636363636364
8785,1.0,24.904761904761905,36.09090909090909,13.875,51.673469387755105,57.69387755102041,47.48979591836735
8797,21.0,24.875,19.38095238095238,28.272727272727273,66.90654205607477,38.242990654205606,53.39252336448598
8815,12.666666666666666,14.333333333333334,25.0,4.0,48.8051948051948,58.84415584415584,53.103896103896105
88454,14.5,12.4,14.571428571428571,21.6,52.59375,49.3125,42.609375
8857,15.8,37.0,85.0,31.0,32.377049180327866,45.36065573770492,42.57377049180328
887,28.666666666666668,35.25,13.4,22.22222222222222,28.035714285714285,40.785714285714285,35.05357142857143
8878,45.5,16.0,19.333333333333332,8.5,43.88607594936709,67.89873417721519,51.51898734177215
8892,24.454545454545453,38.5,34.225,34.9375,75.70754716981132,16.71698113207547,45.924528301886795
8908,7.0,32.15384615384615,25.25,23.75,47.25396825396825,60.888888888888886,51.507936507936506
8914,14.666666666666666,24.571428571428573,23.11764705882353,32.81818181818182,51.160919540229884,38.6551724137931,42.37931034482759
8918,3.0,30.285714285714285,22.318181818181817,27.0,61.18279569892473,36.44086021505376,43.634408602150536
89440,32.0,14.1,24.333333333333332,39.6,43.01162790697674,67.5,54.08139534883721
9012,28.529411764705884,34.5,33.8235294117647,25.454545454545453,72.48598130841121,25.50467289719626,48.66355140186916
9016,13.0,23.857142857142858,34.8,40.666666666666664,21.854166666666668,52.354166666666664,35.3125
9024,20.333333333333332,13.615384615384615,37.18181818181818,2.0,63.576470588235296,52.082352941176474,45.705882352941174
9025,33.25,27.77777777777778,32.27272727272727,15.5,54.46666666666667,48.21111111111111,46.0
9256,41.5,14.222222222222221,25.833333333333332,12.571428571428571,22.508474576271187,44.11864406779661,35.559322033898304
9261,12.0,19.2,23.0,44.0,30.046153846153846,41.815384615384616,36.16923076923077
92979,6.0,21.352941176470587,29.956521739130434,27.416666666666668,52.16,33.333333333333336,39.52
93375,15.5,24.0,27.0,27.4,50.72727272727273,46.4025974025974,44.506493506493506
957,3.6666666666666665,31.642857142857142,29.352941176470587,17.0,52.074074074074076,48.641975308641975,47.23456790123457
9589,5.25,30.5,34.07692307692308,21.789473684210527,58.392857142857146,36.595238095238095,41.916666666666664
9609,21.666666666666668,29.285714285714285,29.333333333333332,29.666666666666668,48.605633802816904,30.549295774647888,39.0
962,25.0,22.8,45.2,22.666666666666668,28.89090909090909,51.872727272727275,37.872727272727275
98330,29.1,20.9,31.869565217391305,42.326530612244895,87.41284403669725,15.36697247706422,51.22018348623853
9862,25.0,39.27272727272727,23.0,18.555555555555557,51.34444444444444,50.22222222222222,43.87777777777778
994,15.5,20.764705882352942,34.04761904761905,15.68,55.50568181818182,45.22727272727273,43.625
