0,CID,OdorName,CAS,CanonicalSMILES,MolecularWeight,fish,cold,ammonia,decayed,strength,pleasant,familiar
1,16741,2-Phenylethyl isothiocyanate,2257-09-2,C1=CC=C(C=C1)CCN=C=S,163.24,24.466666666666665,26.142857142857142,24.857142857142858,23.08333333333333,59.1530612244898,28.51020408163265,44.51020408163265
2,17121,1-Octen-3-yl acetate,2442-10-6,CCCCCC(C=C)OC(=O)C,170.25,14.5,35.09090909090909,15.818181818181818,20.5,44.14457831325301,37.59036144578313,34.25301204819277
3,520191,"3-Acetyl-2,5-dimethylthiophene",2530-10-1,CC1=CC(=C(S1)C)C(=O)C,154.23,42.8,25.11111111111111,26.90909090909091,25.25,56.15730337078652,35.96629213483146,42.79775280898876
4,92979,Androstadienone,4075-07-4,CC12CCC3C(C1CC=C2)CCC4=CC(=O)CCC34C,270.4,6.0,21.352941176470587,29.956521739130437,27.416666666666668,52.16,33.333333333333336,39.52
5,62580,Piperonyl isobutyrate,5461-08-5,CC(C)C(=O)OCC1=CC2=C(C=C1)OCO2,222.24,5.0,27.0,21.142857142857142,25.5,27.894736842105264,45.719298245614034,34.40350877192982
6,24197,Diethyl malate,7554-12-3,CCOC(=O)CC(C(=O)OCC)O,190.19,41.833333333333336,30.727272727272727,19.9,18.857142857142858,19.96153846153846,46.75,30.48076923076923
7,7476,Acetanisole,100-06-1,CC(=O)C1=CC=C(C=C1)OC,150.17,9.666666666666666,26.46153846153846,32.625,17.333333333333332,64.48543689320388,60.53398058252427,53.45631067961165
8,61252,"4,5-Dihydro-3(2H)-thiophenone",1003-04-9,C1CSCC1=O,102.16,38.54545454545455,16.5,28.8,29.291666666666668,69.33734939759036,25.397590361445783,45.43373493975904
9,24834,4-Ethoxybenzaldehyde,10031-82-0,CCOC1=CC=C(C=C1)C=O,150.17,1.0,28.714285714285715,19.857142857142858,11.666666666666666,51.723404255319146,66.94680851063829,53.54255319148936
10,7500,ethylbenzene,100-41-4,CCC1=CC=CC=C1,106.16,1.0,28.0,23.5,31.625,59.1125,39.9625,46.9
11,244,benzyl alcohol,100-51-6,C1=CC=C(C=C1)CO,108.14,4.333333333333333,35.473684210526315,29.5625,19.0,60.47524752475248,49.3960396039604,48.0
12,240,benzaldehyde,100-52-7,C1=CC=C(C=C1)C=O,106.12,10.5,20.5,15.7,16.6,60.54651162790697,62.63953488372093,55.53488372093023
13,7519,anisole,100-66-3,COC1=CC=CC=C1,108.14,22.6,28.33333333333333,28.33333333333333,21.0,59.795180722891565,36.6144578313253,41.65060240963855
14,7559,Methyl phenylacetate,101-41-7,COC(=O)CC1=CC=CC=C1,150.17,9.0,39.41176470588236,34.5,27.894736842105264,63.96153846153846,42.60576923076923,51.89423076923077
15,7583,Diphenyl ether,101-84-8,C1=CC=C(C=C1)OC2=CC=CC=C2,170.21,11.5,31.181818181818183,35.625,5.0,46.86666666666667,48.906666666666666,40.973333333333336
16,7593,"1,3-Diphenyl-2-propanone",102-04-5,C1=CC=C(C=C1)CC(=O)CC2=CC=CC=C2,210.27,14.333333333333334,26.2,27.310344827586206,20.2,59.694736842105264,37.14736842105263,49.02105263157895
17,60998,Isobutyl phenylacetate,102-13-6,CC(C)COC(=O)CC1=CC=CC=C1,192.25,18.666666666666668,23.416666666666668,23.55555555555556,25.785714285714285,39.60526315789474,48.53947368421053,43.76315789473684
18,60999,Benzyl phenylacetate,102-16-9,C1=CC=C(C=C1)CC(=O)OCC2=CC=CC=C2,226.27,33.0,25.4,26.625,22.727272727272727,48.36986301369863,36.71232876712329,45.36986301369863
19,7601,Phenethyl phenylacetate,102-20-5,C1=CC=C(C=C1)CCOC(=O)CC2=CC=CC=C2,240.3,23.666666666666668,31.0,22.857142857142858,26.25,34.11666666666667,53.18333333333333,32.36666666666667
20,5541,Triacetin,102-76-1,CC(=O)OCC(COC(=O)C)OC(=O)C,218.2,14.75,21.307692307692307,25.428571428571427,28.22222222222222,51.3956043956044,36.03296703296704,46.75824175824176
21,7632,dimethyl benzene propanol,103-05-9,CC(C)(CCC1=CC=CC=C1)O,164.24,12.5,26.5,13.875,24.666666666666668,29.63492063492064,60.17460317460318,45.61904761904762
22,7635,2-ethylhexyl acetate,103-09-3,CCCCC(CC)COC(=O)C,172.26,29.5,20.0,3.8333333333333335,6.666666666666667,37.95774647887324,45.04225352112676,36.67605633802817
23,637758,ethyl cinnamate,103-36-6,CCOC(=O)C=CC1=CC=CC=C1,176.21,7.2,17.166666666666668,16.2,24.75,58.78313253012048,58.373493975903614,43.6144578313253
24,7654,Phenethyl acetate,103-45-7,CC(=O)OCCC1=CC=CC=C1,164.2,2.0,24.785714285714285,15.545454545454543,18.125,53.02298850574713,55.64367816091954,56.49425287356322
25,7657,Benzyl ether,103-50-4,C1=CC=C(C=C1)COCC2=CC=CC=C2,198.26,1.0,13.714285714285714,17.333333333333332,20.33333333333333,56.79545454545455,60.85227272727273,51.47727272727273
26,61005,2-Phenoxyethyl isobutyrate,103-60-6,CC(C)C(=O)OCCOC1=CC=CC=C1,208.25,14.5,20.615384615384617,36.4,38.8,48.72222222222222,47.388888888888886,39.61111111111112
27,7695,Anisyl acetate,104-21-2,CC(=O)OCC1=CC=C(C=C1)OC,180.2,5.0,25.3,28.25,31.2,46.95402298850575,60.333333333333336,46.71264367816092
28,5315892,cinnamyl alcohol,104-54-1,C1=CC=C(C=C1)C=CCO,134.17,16.333333333333332,18.0,22.9375,21.210526315789476,68.22680412371135,45.22680412371134,53.11340206185567
481,5315892,Cinnamyl alcohol,104-54-1,C1=CC=C(C=C1)C=CCO,134.17,16.333333333333332,18.0,22.9375,21.210526315789476,68.22680412371135,45.22680412371134,53.11340206185567
29,7720,2-ethyl-1-hexanol,104-76-7,CCCCC(CC)CO,130.23,27.0,25.125,24.88,19.47222222222222,66.58,22.36,42.79
30,7731,4-Methylanisole,104-93-8,CC1=CC=C(C=C1)OC,122.16,20.0,23.6875,21.066666666666663,19.76923076923077,58.597938144329895,51.69072164948454,49.11340206185567
31,5363233,3-Decen-2-one,10519-33-2,CCCCCCC=CC(=O)C,154.25,15.75,29.647058823529413,32.25,29.142857142857142,52.46478873239437,37.69014084507042,37.94366197183098
32,61523,5-Phenyl-1-pentanol,10521-91-2,C1=CC=C(C=C1)CCCCCO,164.24,20.0,12.833333333333334,24.6,27.666666666666668,42.69014084507042,54.52112676056338,44.85915492957746
33,7749,ethyl propionate,105-37-3,CCC(=O)OCC,102.13,24.142857142857142,24.785714285714285,26.0,19.38095238095238,66.28421052631579,36.23157894736842,48.02105263157895
34,7761,Diethyl malonate,105-53-3,CCOC(=O)CC(=O)OCC,160.17,6.5,17.5,4.666666666666667,20.125,43.888888888888886,66.95959595959596,54.74747474747475
35,7762,ethyl butyrate,105-54-4,CCCC(=O)OCC,116.16,10.0,15.23076923076923,22.625,31.454545454545453,64.93069306930693,60.445544554455445,60.04950495049505
36,7765,Acetal,105-57-7,CCOC(C)OCC,118.17,11.333333333333334,33.77777777777778,23.384615384615383,9.75,46.12987012987013,45.0,40.4025974025974
37,7768,epsilon-Caprolactam,105-60-2,C1CCC(=O)NCC1,113.16,28.25,39.27272727272727,22.571428571428573,28.384615384615383,30.926470588235293,43.61764705882353,35.044117647058826
38,7770,propyl butyrate,105-66-8,CCCC(=O)OCCC,130.18,26.0,17.142857142857142,25.58823529411765,23.38095238095238,52.92631578947368,38.72631578947368,46.97894736842105
39,1549026,geranyl acetate,105-87-3,CC(=CCCC(=CCOC(=O)C)C)C,196.29,24.0,10.2,25.428571428571427,15.333333333333334,18.372881355932204,51.10169491525424,37.59322033898305
40,61527,"3-Acetyl-2,5-dimethylfuran",10599-70-9,CC1=CC(=C(O1)C)C(=O)C,138.16,23.33333333333333,24.142857142857142,40.42857142857143,27.25,50.0,36.972972972972975,43.472972972972975
41,235414,Omega-Pentadecalactone,106-02-5,C1CCCCCCCOC(=O)CCCCCC1,240.38,1.0,25.46153846153846,20.5,29.33333333333333,45.40506329113924,66.87341772151899,49.74683544303797
42,7792,"3,7-Dimethyl-1-octanol",106-21-8,CC(C)CCCC(C)CCO,158.28,31.0,35.642857142857146,27.0,30.444444444444443,61.0945945945946,41.17567567567568,52.94594594594594
43,637566,geraniol,106-24-1,CC(=CCCC(=CCO)C)C,154.25,,19.4,22.4,27.4,59.223404255319146,60.42553191489362,54.03191489361702
44,643820,Nerol,106-25-2,CC(=CCCC(=CCO)C)C,154.25,24.5,31.933333333333334,29.363636363636363,26.166666666666668,52.94117647058823,56.51764705882353,52.34117647058824
45,7795,Isoamyl butyrate,106-27-4,CCCC(=O)OCCC(C)C,158.24,15.25,29.444444444444443,17.875,23.63636363636364,48.151898734177216,50.177215189873415,46.10126582278481
46,7797,Ethyl heptanoate,106-30-9,CCCCCCC(=O)OCC,158.24,27.0,20.25,24.0,21.33333333333333,53.41489361702128,59.56382978723404,52.48936170212766
47,7799,Ethyl octanoate,106-32-1,CCCCCCCC(=O)OCC,172.26,21.0,18.53846153846154,1.2,12.5,51.3,64.41111111111111,52.43333333333333
48,7803,Propyl propionate,106-36-5,CCCOC(=O)CC,116.16,11.5,23.176470588235293,22.545454545454547,32.0,57.04,45.72,45.28
49,2879,p-cresol,106-44-5,CC1=CC=C(C=C1)O,108.14,18.0,26.05555555555556,34.361111111111114,29.214285714285715,73.71153846153847,31.98076923076923,54.55769230769231
50,7820,dimethyl succinate,106-65-0,COC(=O)CCC(=O)OC,146.14,3.0,27.307692307692307,23.73913043478261,30.76923076923077,58.51515151515152,46.333333333333336,44.71717171717172
51,246728,3-octanone,106-68-3,CCCCCC(=O)CC,128.21,2.5,32.75,16.333333333333332,24.454545454545453,51.43956043956044,51.94505494505494,47.87912087912088
52,7824,methyl caproate,106-70-7,CCCCCC(=O)OC,130.18,13.0,24.55555555555556,27.0,11.1,54.25581395348837,54.56976744186046,48.91860465116279
53,7826,Methyl heptanoate,106-73-0,CCCCCCC(=O)OC,144.21,72.0,39.083333333333336,24.166666666666668,31.142857142857142,41.067567567567565,56.63513513513514,45.32432432432432
54,14104,1-Methyl-3-methoxy-4-isopropylbenzene,1076-56-8,CC1=CC(=C(C=C1)C(C)C)OC,164.24,,18.33333333333333,26.25,31.6,39.34848484848485,44.77272727272727,49.21212121212121
55,7894,Isoamylamine,107-85-7,CC(C)CCN,87.16,43.0,20.714285714285715,24.2,24.0,29.683333333333334,42.28333333333333,35.61666666666667
56,264,butyric acid,107-92-6,CCCC(=O)O,88.11,24.818181818181817,10.142857142857142,26.52,32.297872340425535,81.94392523364486,18.598130841121492,51.65420560747664
57,239,beta-Alanine,107-95-9,C(CN)C(=O)O,89.09,37.66666666666666,21.0,13.75,15.666666666666666,36.43243243243244,50.18918918918919,38.16216216216216
58,7915,isopropyl acetate,108-21-4,CC(C)OC(=O)C,102.13,28.0,39.23076923076923,18.3125,23.285714285714285,30.95689655172414,46.82758620689656,45.01724137931034
59,7916,Isopropenyl acetate,108-22-5,CC(=C)OC(=O)C,100.12,26.0,33.166666666666664,13.5,25.0,23.666666666666668,46.3125,34.0625
60,7921,gamma-valerolactone,108-29-2,CC1CCC(=O)O1,100.12,29.0,12.857142857142858,12.375,10.6,22.29310344827586,51.32758620689656,35.241379310344826
61,7937,"2,6-Dimethylpyridine",108-48-5,CC1=NC(=CC=C1)C,107.15,32.888888888888886,27.846153846153847,32.36842105263158,40.11764705882353,66.88349514563107,32.359223300970875,45.067961165048544
62,7967,Cyclohexanone,108-94-1,C1CCC(=O)CC1,98.14,12.333333333333334,29.75757575757576,29.5,14.666666666666666,52.6,45.1625,44.09375
63,7969,Benzenethiol,108-98-5,C1=CC=C(C=C1)S,110.18,35.44444444444444,65.0,30.55555555555556,31.923076923076923,46.30508474576271,30.491525423728813,40.40677966101695
64,61024,Octyl isobutyrate,109-15-9,CCCCCCCCOC(=O)C(C)C,200.32,2.6666666666666665,10.857142857142858,17.833333333333332,1.0,25.25454545454545,54.89090909090909,37.8
65,8038,isobutyl acetate,109-19-0,,,6.0,36.61538461538461,22.066666666666663,22.33333333333333,60.604651162790695,53.81395348837209,60.24418604651163
66,7983,butyl butyrate,109-21-7,CCCCOC(=O)CCC,144.21,31.25,21.8,28.5,23.80952380952381,45.08791208791209,41.989010989010985,46.40659340659341
67,61027,Butyl 10-undecenoate,109-42-2,CCCCOC(=O)CCCCCCCCC=C,240.38,38.285714285714285,30.75,12.0,21.692307692307693,49.49367088607595,37.44303797468354,48.13924050632912
68,7991,valeric acid,109-52-4,CCCCC(=O)O,102.13,15.285714285714286,36.333333333333336,28.09090909090909,26.57894736842105,42.86764705882353,29.205882352941178,36.39705882352941
69,7997,propyl acetate,109-60-4,CCCOC(=O)C,102.13,4.0,16.5,43.54545454545455,38.333333333333336,36.49295774647887,45.563380281690144,49.95774647887324
70,8007,Butylamine,109-73-9,CCCCN,73.14,29.0,26.166666666666668,43.8,7.333333333333333,19.43103448275862,47.1551724137931,34.10344827586207
71,8025,Ethyl formate,109-94-4,CCOC=O,74.08,19.5,13.583333333333334,21.55555555555556,22.375,42.0,39.32258064516129,38.66129032258065
72,8030,Thiophene,110-02-1,C1=CSC=C1,84.14,24.8,22.444444444444443,27.157894736842103,37.5,45.07692307692308,34.88111888111888,46.00699300699301
73,1110,Succinic acid,110-15-6,C(CC(=O)O)C(=O)O,118.09,18.8,18.09090909090909,19.142857142857142,14.9,40.11538461538461,35.26923076923077,35.51282051282051
74,444972,Fumaric acid,110-17-8,C(=CC(=O)O)C(=O)O,116.07,16.6,19.666666666666668,18.55555555555556,20.4,46.34328358208956,40.61194029850746,49.52238805970149
75,8042,Isopropyl myristate,110-27-0,CCCCCCCCCCCCCC(=O)OC(C)C,270.5,,22.88888888888889,25.0,18.714285714285715,23.509090909090908,47.67272727272727,29.10909090909091
76,8048,Ethyl decanoate,110-38-3,CCCCCCCCCC(=O)OCC,200.32,5.0,19.09090909090909,18.571428571428573,6.666666666666667,46.1219512195122,55.1219512195122,46.670731707317074
77,8049,Diethyl sebacate,110-40-7,CCOC(=O)CCCCCCCCC(=O)OCC,258.35,1.0,27.0,44.6,29.8,44.88732394366197,66.59154929577464,54.816901408450704
78,8051,2-heptanone,110-43-0,CCCCCC(=O)C,114.19,1.5,23.0,27.55555555555556,28.0,55.6375,53.1375,43.0
79,8063,valeraldehyde,110-62-3,CCCCC=O,86.13,40.0,5.4,25.25,36.5,32.15625,45.78125,41.75
80,8077,Diethyl disulfide,110-81-6,CCSSCC,122.3,32.58064516129032,11.857142857142858,31.1,24.7,73.72641509433963,24.71698113207547,51.87735849056604
81,8078,Cyclohexane,110-82-7,C1CCCCC1,84.16,3.5,29.0,28.2,18.125,53.5,44.627906976744185,53.51162790697674
82,1049,pyridine,110-86-1,C1=CC=NC=C1,79.1,,56.5,54.5,21.25,17.75,50.020833333333336,31.25
83,8082,Piperidine,110-89-4,C1CCNCC1,85.15,22.0625,28.692307692307693,31.875,38.142857142857146,57.146067415730336,27.39325842696629,47.853932584269664
84,9862,6-Methyl-5-hepten-2-one,110-93-0,CC(=CCCC(=O)C)C,126.2,25.0,39.27272727272727,23.0,18.55555555555556,51.34444444444444,50.22222222222222,43.87777777777778
85,8091,Methyl caprylate,111-11-5,CCCCCCCC(=O)OC,158.24,14.8,15.0,10.25,4.666666666666667,44.36470588235294,59.65882352941176,43.8235294117647
86,8093,2-octanone,111-13-7,CCCCCCC(=O)C,128.21,15.333333333333334,24.0,17.692307692307693,19.83333333333333,50.44578313253012,52.43373493975904,46.566265060240966
87,8094,Heptanoic Acid,111-14-8,CCCCCCC(=O)O,130.18,36.71428571428572,27.5,25.966666666666665,31.7,64.0576923076923,25.682692307692307,40.38461538461539
88,8103,hexanol,111-27-3,CCCCCCO,102.17,8.0,20.3,23.818181818181817,32.22222222222222,48.16666666666666,54.91666666666666,52.72222222222222
89,8118,propyl sulfide,111-47-7,CCCSCCC,118.24,34.8,20.33333333333333,23.6,30.07692307692308,24.081632653061224,43.53061224489796,30.6734693877551
90,8122,Ethyl stearate,111-61-5,CCCCCCCCCCCCCCCCCC(=O)OCC,312.5,28.0,5.333333333333333,19.0,26.428571428571427,37.03125,44.953125,36.59375
91,356,Octane,111-65-9,CCCCCCCC,114.23,1.0,24.153846153846157,21.5,30.6,48.85294117647059,51.05882352941177,41.80882352941177
92,8125,1-Octene,111-66-0,CCCCCCC=C,112.21,16.5,33.214285714285715,14.8,25.5,36.98648648648648,43.054054054054056,44.108108108108105
93,8129,heptanol,111-70-6,CCCCCCCO,116.2,7.333333333333333,22.310344827586206,27.84375,22.142857142857142,52.98843930635838,53.84393063583815,47.84971098265896
94,14228,Hexyl octanoate,1117-55-1,CCCCCCCC(=O)OCCCCCC,228.37,30.0,34.0,16.666666666666668,2.6666666666666665,19.272727272727277,48.93939393939394,34.303030303030305
95,5368076,Methyl trans-2-nonenoate,111-79-5,CCCCCCC=CC(=O)OC,170.25,6.0,15.909090909090908,4.333333333333333,15.583333333333334,38.29166666666666,52.59722222222222,47.263888888888886
96,8137,Methyl 2-nonynoate,111-80-8,CCCCCCC#CC(=O)OC,168.23,9.0,22.75,20.1,17.3,63.19230769230769,61.74038461538461,58.61538461538461
97,957,octanol,111-87-5,CCCCCCCCO,130.23,3.6666666666666665,31.642857142857142,29.352941176470587,17.0,52.07407407407408,48.641975308641975,47.23456790123457
98,14257,undecane,1120-21-4,CCCCCCCCCCC,156.31,,13.4,22.2,29.88888888888889,44.76712328767123,39.23287671232877,39.465753424657535
99,8159,heptyl acetate,112-06-1,CCCCCCCOC(=O)C,158.24,4.0,30.85,35.92307692307692,28.3,63.89010989010989,56.747252747252745,50.43956043956044
100,8163,2-Undecanone,112-12-9,CCCCCCCCCC(=O)C,170.29,22.2,32.666666666666664,28.285714285714285,20.166666666666668,60.15730337078652,46.16853932584269,45.47191011235955
101,14286,2-acetyl pyridine,1122-62-9,CC(=O)C1=CC=CC=N1,121.14,8.2,24.857142857142858,20.25,13.666666666666666,76.77064220183486,51.6605504587156,67.3302752293578
102,8174,decanol,112-30-1,CCCCCCCCCCO,158.28,15.75,33.0,29.45,18.625,52.936708860759495,41.54430379746835,46.0
103,8175,decanal,112-31-2,CCCCCCCCCC=O,156.26,18.857142857142858,21.0,20.88235294117647,19.5,70.07920792079207,30.871287128712872,48.21782178217822
104,8180,Undecanoic acid,112-37-8,CCCCCCCCCCC(=O)O,186.29,20.0,29.77777777777778,29.869565217391305,19.210526315789476,70.1747572815534,26.84466019417476,43.99029126213592
105,14296,"2,3,5,6-Tetramethylpyrazine",1124-11-4,CC1=C(N=C(C(=N1)C)C)C,136.19,22.25,26.7,30.0,22.9,60.67857142857143,35.833333333333336,39.345238095238095
106,8184,1-undecanol,112-42-5,CCCCCCCCCCCO,172.31,2.5,27.526315789473685,34.9,30.77777777777778,59.79,41.42,44.46
107,8186,undecanal,112-44-7,CCCCCCCCCCC=O,170.29,11.5,21.666666666666668,19.166666666666668,37.375,55.0,40.01449275362319,42.43478260869565
108,62374,4-Oxoisophorone,1125-21-9,CC1=CC(=O)CC(C1=O)(C)C,152.19,12.75,15.375,25.33333333333333,29.444444444444443,43.22222222222222,50.5679012345679,47.51851851851852
109,8193,Lauryl alcohol,112-53-8,CCCCCCCCCCCCO,186.33,40.66666666666666,27.0,22.1875,15.833333333333334,52.13432835820896,38.08955223880597,44.40298507462686
110,62375,Benzaldehyde dimethyl acetal,1125-88-8,COC(C1=CC=CC=C1)OC,152.19,13.0,31.571428571428573,25.88235294117647,22.571428571428573,52.31521739130435,41.141304347826086,40.34782608695652
111,8205,Lauryl acetate,112-66-3,CCCCCCCCCCCCOC(=O)C,228.37,29.0,25.88888888888889,23.142857142857142,22.375,28.59322033898305,46.1864406779661,34.728813559322035
112,62378,Dihydrojasmone,1128-08-1,CCCCCC1=C(CCC1=O)C,166.26,2.0,36.25,39.0,28.166666666666668,55.144444444444446,46.144444444444446,45.95555555555556
113,14328,"3,4-Dimethoxyacetophenone",1131-62-0,CC(=O)C1=CC(=C(C=C1)OC)OC,180.2,26.25,19.33333333333333,31.94117647058824,22.058823529411764,49.98765432098765,43.06172839506173,44.34567901234568
114,8294,Linalyl acetate,115-95-7,CC(=CCCC(C)(C=C)OC(=O)C)C,196.29,44.5,13.125,28.0,25.5,30.418181818181814,52.38181818181818,38.90909090909091
115,8363,Benzyl salicylate,118-58-1,C1=CC=C(C=C1)COC(=O)C2=CC=CC=C2O,228.24,18.5,33.5,27.363636363636363,16.5,38.94366197183098,55.71830985915493,39.42253521126761
116,8375,2-Hydroxyacetophenone,118-93-4,CC(=O)C1=CC=CC=C1O,136.15,34.0,23.142857142857142,30.714285714285715,19.363636363636363,65.51923076923077,34.10576923076923,46.88461538461539
117,14491,"1,6-Hexanedithiol",1191-43-1,C(CCCS)CCS,150.3,19.0,28.0,16.25,38.91666666666666,61.45,29.85,46.75
118,4133,methyl salicylate,119-36-8,COC(=O)C1=CC=CC=C1O,152.15,1.0,25.26315789473684,20.0,33.0,56.103896103896105,59.66233766233766,56.55844155844156
119,14514,2-Acetyl-5-methylfuran,1193-79-9,CC1=CC=C(O1)C(=O)C,124.14,39.25,14.727272727272728,23.176470588235293,20.416666666666668,54.96428571428572,40.38095238095238,38.17857142857143
120,3102,benzophenone,119-61-9,C1=CC=C(C=C1)C(=O)C2=CC=CC=C2,182.22,14.4,31.55555555555556,18.1875,17.363636363636363,50.38202247191011,44.80898876404494,36.4494382022472
121,660,Dihydrocoumarin,119-84-6,C1CC(=O)OC2=CC=CC=C21,148.16,8.5,22.142857142857142,24.4,19.8,55.14141414141414,64.73737373737374,51.93939393939394
122,8419,Veratraldehyde,120-14-9,COC1=C(C=C(C=C1)C=O)OC,166.17,1.0,23.5,8.571428571428571,14.571428571428571,57.305263157894736,69.71578947368421,65.56842105263158
123,6114390,Isoeugenyl phenylacetate,120-24-1,CC=CC1=CC(=C(C=C1)OC(=O)CC2=CC=CC=C2)OC,282.3,47.0,38.285714285714285,52.46153846153846,9.625,61.57692307692308,57.86538461538461,62.24038461538461
124,61048,Isobutyl benzoate,120-50-3,CC(C)COC(=O)C1=CC=CC=C1,178.23,4.5,26.22222222222222,26.166666666666668,24.666666666666668,61.9,48.144444444444446,48.43333333333333
125,2345,Benzyl benzoate,120-51-4,C1=CC=C(C=C1)COC(=O)C2=CC=CC=C2,212.24,17.285714285714285,26.4375,16.571428571428573,34.2,42.0,47.5,39.7972972972973
126,8438,piperonal,120-57-0,C1OC2=C(O1)C=C(C=C2)C=O,150.13,25.0,22.307692307692307,17.5,18.33333333333333,57.285714285714285,71.39795918367346,60.03061224489796
127,637796,Isosafrole,120-58-1,CC=CC1=CC2=C(C=C1)OCO2,162.18,10.25,28.307692307692307,21.4,9.75,35.732394366197184,58.098591549295776,48.267605633802816
128,8452,Cyclopentanone,120-92-3,C1CCC(=O)C1,84.12,9.2,23.428571428571427,25.384615384615383,18.357142857142858,68.00980392156863,32.568627450980394,41.6078431372549
129,8467,Ethyl Vanillin,121-32-4,CCOC1=C(C=CC(=C1)C=O)O,166.17,1.0,16.4,13.0,5.4,73.12844036697248,84.10091743119266,78.57798165137615
130,1183,vanillin,121-33-5,COC1=C(C=CC(=C1)C=O)O,152.15,1.0,12.4,1.5,1.5,73.25233644859813,85.11214953271028,81.61682242990655
131,8468,4-hydroxy-3-methoxybenzoic acid,121-34-6,COC1=C(C=CC(=C1)C(=O)O)O,168.15,1.6666666666666667,32.875,7.714285714285714,27.6,50.7710843373494,50.46987951807229,49.31325301204819
132,326,cuminaldehyde,122-03-2,CC(C)C1=CC=C(C=C1)C=O,148.2,22.8,10.8,9.8,5.75,43.828947368421055,53.63157894736842,43.94736842105263
133,31209,alpha-Amylcinnamaldehyde,122-40-7,CCCCCC(=CC1=CC=CC=C1)C=O,202.29,11.2,24.36842105263158,27.529411764705884,23.866666666666667,60.148514851485146,38.50495049504951,40.722772277227726
134,31210,Butyl phenylacetate,122-43-0,CCCCOC(=O)CC1=CC=CC=C1,192.25,8.0,25.33333333333333,30.875,15.571428571428571,43.8875,46.8,48.275
135,31219,Benzyl propionate,122-63-4,CCC(=O)OCC1=CC=CC=C1,164.2,,29.3,46.8,18.714285714285715,45.54929577464789,59.71830985915493,45.436619718309856
136,778574,Isobutyl cinnamate,122-67-8,CC(C)COC(=O)C=CC1=CC=CC=C1,204.26,12.6,26.384615384615383,14.466666666666669,18.1875,61.333333333333336,46.784946236559136,42.61290322580645
137,31225,Phenethyl propionate,122-70-3,CCC(=O)OCCC1=CC=CC=C1,178.23,22.75,12.5,33.4,25.714285714285715,38.674418604651166,53.65116279069768,52.93023255813954
138,61052,3-Phenylpropyl propionate,122-74-7,CCC(=O)OCCCC1=CC=CC=C1,192.25,1.0,7.75,36.52941176470589,18.166666666666668,50.310810810810814,41.2972972972973,45.310810810810814
139,31234,3-Phenyl-1-propanol,122-97-4,C1=CC=C(C=C1)CCCO,136.19,,34.0,36.84615384615385,11.538461538461538,49.22222222222222,47.02222222222223,43.22222222222222
140,126,4-Hydroxybenzaldehyde,123-08-0,C1=CC(=CC=C1C=O)O,122.12,8.333333333333334,21.692307692307693,19.3,32.45454545454545,45.78651685393258,50.30337078651685,39.31460674157304
141,31244,p-Anisaldehyde,123-11-5,COC1=CC=C(C=C1)C=O,136.15,,25.153846153846157,30.0,29.75,59.29,64.24,52.01
142,31246,4-Heptanone,123-19-3,CCCC(=O)CCC,114.19,17.0,16.27777777777778,22.647058823529413,16.88888888888889,54.30927835051546,50.29896907216495,49.175257731958766
143,31249,diethyl succinate,123-25-1,CCOC(=O)CCC(=O)OCC,174.19,1.0,36.52,18.416666666666668,15.125,60.083333333333336,59.47916666666666,49.38541666666666
144,31252,"2,5-dimethyl pyrazine",123-32-0,CC1=CN=C(C=N1)C,108.14,5.0,15.375,31.33333333333333,34.0,42.96969696969697,41.93939393939394,41.48484848484848
145,31260,isoamyl alcohol,123-51-3,CC(C)CCO,88.15,11.666666666666666,16.166666666666668,36.2,20.666666666666668,51.23611111111112,47.41666666666666,43.22222222222222
146,31265,ethyl hexanoate,123-66-0,CCCCCC(=O)OCC,144.21,8.5,24.466666666666665,15.0,28.4,64.01923076923077,75.24038461538461,63.18269230769231
147,31266,allyl hexanoate,123-68-2,CCCCCC(=O)OCC=C,156.22,22.25,22.666666666666668,11.0,18.83333333333333,46.775,64.425,54.4875
148,261,butyraldehyde,123-72-8,CCCC=O,72.11,21.666666666666668,21.83333333333333,22.806451612903224,30.766666666666666,69.0909090909091,24.272727272727277,46.87878787878788
149,31268,Pyrrolidine,123-75-1,C1CCNC1,71.12,25.25,17.333333333333332,24.307692307692307,20.88888888888889,26.75,38.91666666666666,33.45
150,31272,butyl acetate,123-86-4,CCCCOC(=O)C,116.16,3.0,28.33333333333333,19.9375,6.5,57.13684210526316,58.0,57.22105263157895
151,31276,isopentyl acetate,123-92-2,CC(C)CCOC(=O)C,130.18,8.5,32.23076923076923,34.666666666666664,15.833333333333334,52.62068965517241,62.01149425287356,53.4367816091954
152,196,Adipic acid,124-04-9,C(CCC(=O)O)CC(=O)O,146.14,23.0,33.42857142857143,16.5,39.0,26.396825396825395,46.58730158730159,39.42857142857143
153,31283,Ethyl myristate,124-06-1,CCCCCCCCCCCCCC(=O)OCC,256.42,32.0,36.2,18.0,23.5,34.26229508196721,48.540983606557376,39.85245901639344
154,379,Octanoic acid,124-07-2,CCCCCCCC(=O)O,144.21,13.0,20.875,19.25,28.764705882352946,59.79120879120879,30.593406593406595,48.95604395604396
155,454,octanal,124-13-0,CCCCCCCC=O,128.21,1.0,24.043478260869566,19.133333333333333,19.58333333333333,61.50515463917526,47.20618556701031,55.96907216494845
156,1060,Pyruvic Acid,127-17-3,CC(=O)C(=O)O,88.06,26.6,18.125,25.0,22.0,57.48863636363637,44.76136363636363,49.10227272727273
157,31404,Butylated hydroxytoluene,128-37-0,CC1=CC(=C(C(=C1)C(C)(C)C)O)C(C)(C)C,220.35,10.25,23.55555555555556,11.875,5.4,33.049180327868854,51.73770491803279,38.540983606557376
158,8615,Phenethyl anthranilate,133-18-6,C1=CC=C(C=C1)CCOC(=O)C2=CC=CC=C2N,241.28,17.75,36.85714285714285,18.142857142857142,18.77777777777778,33.40983606557377,54.62295081967213,44.19672131147541
159,875,DL-Tartaric acid,133-37-9,C(C(C(=O)O)O)(C(=O)O)O,150.09,41.5,23.8,28.77777777777778,18.83333333333333,29.25454545454545,49.49090909090909,36.16363636363637
160,8635,Methyl anthranilate,134-20-3,COC(=O)C1=CC=CC=C1N,151.16,2.0,28.666666666666668,10.555555555555555,8.4,66.87378640776699,64.69902912621359,59.37864077669903
161,8658,o-Anisaldehyde,135-02-4,COC1=CC=CC=C1C=O,136.15,17.235294117647058,24.93103448275862,21.27027027027027,24.7,56.96195652173913,37.55434782608695,46.22826086956522
162,61641,Methyl 3-(methylthio)propionate,13532-18-8,COC(=O)CCSC,134.2,37.5,19.666666666666668,28.125,24.142857142857142,26.69117647058824,42.13235294117647,35.794117647058826
163,61653,"2,4,5-Trimethylthiazole",13623-11-5,CC1=C(SC(=N1)C)C,127.21,21.33333333333333,27.5,17.6,22.68421052631579,54.8,37.977777777777774,47.56666666666667
164,61659,"2,2'-(Thiodimethylene)difuran",13678-67-6,C1=COC(=C1)CSCC2=CC=CO2,194.25,26.357142857142858,22.55555555555556,25.94736842105263,22.44,75.34905660377359,23.452830188679247,48.36792452830189
165,1136,4-Methyl-5-thiazoleethanol,137-00-8,CC1=C(SC=N1)CCO,143.21,25.0,27.5,34.266666666666666,20.41176470588235,61.6078431372549,33.47058823529412,48.77450980392157
166,8712,o-Toluenethiol,137-06-4,CC1=CC=CC=C1S,124.21,14.181818181818182,16.6,32.411764705882355,36.0,58.57692307692308,32.51282051282051,48.82051282051282
167,61670,5-Methylquinoxaline,13708-12-8,CC1=C2C(=CC=C1)N=CC=N2,144.17,49.0,17.333333333333332,28.75,30.875,40.89393939393939,46.46969696969697,44.16666666666666
168,8723,2-Methyl-1-butanol,137-32-6,CCC(C)CO,88.15,1.0,36.04347826086956,18.38095238095238,25.714285714285715,55.1,38.1,43.3875
169,26331,2-ethyl pyrazine,13925-00-3,CCC1=NC=CN=C1,108.14,8.5,24.46153846153846,27.11111111111111,16.5625,60.76923076923077,41.08791208791209,47.5054945054945
170,444539,trans-Cinnamic acid,140-10-3,C1=CC=C(C=C1)C=CC(=O)O,148.16,34.888888888888886,15.444444444444445,26.695652173913043,23.72222222222222,66.31067961165049,41.38834951456311,49.18446601941748
171,8785,benzyl acetate,140-11-4,CC(=O)OCC1=CC=CC=C1,150.17,1.0,24.904761904761905,36.09090909090909,13.875,51.67346938775511,57.69387755102041,47.48979591836735
172,8797,p-Tolyl acetate,140-39-6,CC1=CC=C(C=C1)OC(=O)C,150.17,21.0,24.875,19.38095238095238,28.272727272727277,66.90654205607477,38.242990654205606,53.39252336448598
173,8815,4-Allylanisole,140-67-0,COC1=CC=C(C=C1)CC=C,148.2,12.666666666666666,14.333333333333334,25.0,4.0,48.8051948051948,58.84415584415584,53.103896103896105
174,1549025,Neryl acetate,141-12-8,CC(=CCCC(=CCOC(=O)C)C)C,196.29,1.0,30.666666666666668,13.166666666666666,32.77777777777778,52.2972972972973,47.95945945945946,45.28378378378378
175,8857,ethyl acetate,141-78-6,CCOC(=O)C,88.11,15.8,37.0,85.0,31.0,32.377049180327866,45.36065573770492,42.57377049180328
176,8878,Allyl heptanoate,142-19-8,CCCCCCC(=O)OCC=C,170.25,45.5,16.0,19.33333333333333,8.5,43.88607594936709,67.89873417721519,51.51898734177215
177,8892,caproic acid,142-62-1,CCCCCC(=O)O,116.16,24.454545454545453,38.5,34.225,34.9375,75.70754716981132,16.71698113207547,45.9245283018868
178,8908,hexyl acetate,142-92-7,CCCCCCOC(=O)C,144.21,7.0,32.15384615384615,25.25,23.75,47.25396825396825,60.888888888888886,51.507936507936506
179,3893,Lauric acid,143-07-7,CCCCCCCCCCCC(=O)O,200.32,16.8,26.52380952380953,27.783783783783782,20.0,56.53939393939394,33.06666666666667,44.51515151515152
180,8914,nonanol,143-08-8,CCCCCCCCCO,144.25,14.666666666666666,24.571428571428573,23.11764705882353,32.81818181818182,51.16091954022989,38.6551724137931,42.37931034482759
181,8918,Nonyl acetate,143-13-5,CCCCCCCCCOC(=O)C,186.29,3.0,30.285714285714285,22.318181818181817,27.0,61.18279569892473,36.44086021505376,43.634408602150536
182,15037,1-Furfurylpyrrole,1438-94-4,C1=CN(C=C1)CC2=CC=CO2,147.17,20.272727272727277,29.3,23.291666666666668,19.166666666666668,58.22727272727273,35.89772727272727,38.17045454545455
183,61771,2-sec-Butylcyclohexanone,14765-30-1,CCC(C)C1CCCCC1=O,154.25,16.0,32.59090909090909,30.22222222222222,14.7,69.71428571428571,50.12380952380953,51.91428571428571
184,145742,L-Proline,147-85-3,C1CC(NC1)C(=O)O,115.13,21.75,18.4,30.16,21.53333333333333,71.98989898989899,25.646464646464647,45.525252525252526
185,8697,2-Ethylhexanoic acid,149-57-5,CCCCC(CC)C(=O)O,144.21,24.571428571428573,28.75,20.272727272727277,24.0,61.285714285714285,33.07142857142857,47.1530612244898
186,994,DL-Phenylalanine,150-30-1,C1=CC=C(C=C1)CC(C(=O)O)N,165.19,15.5,20.764705882352946,34.04761904761905,15.68,55.50568181818182,45.22727272727273,43.625
187,9012,Benzyl disulfide,150-60-7,C1=CC=C(C=C1)CSSCC2=CC=CC=C2,246.4,28.529411764705884,34.5,33.8235294117647,25.454545454545453,72.48598130841121,25.50467289719626,48.66355140186916
188,9016,dimethoxy benzene,150-78-7,COC1=CC=C(C=C1)OC,138.16,13.0,23.857142857142858,34.8,40.66666666666666,21.854166666666668,52.35416666666666,35.3125
189,9024,"alpha,alpha-Dimethylphenethyl acetate",151-05-3,CC(=O)OC(C)(C)CC1=CC=CC=C1,192.25,20.33333333333333,13.615384615384617,37.18181818181818,2.0,63.576470588235296,52.08235294117648,45.70588235294117
190,9025,"1,3-Dimethoxybenzene",151-10-0,COC1=CC(=CC=C1)OC,138.16,33.25,27.77777777777778,32.27272727272727,15.5,54.46666666666667,48.21111111111111,46.0
191,5363491,"trans,trans-2,4-Hexadienyl acetate",1516-17-2,CC=CC=CCOC(=O)C,140.18,25.666666666666668,38.625,20.77777777777778,12.4,20.48275862068965,47.85057471264368,31.02298850574713
192,165675,( + )-menthol,15356-60-2,CC1CCC(C(C1)O)C(C)C,156.26,4.25,34.80769230769231,14.63157894736842,20.875,68.63366336633663,53.82178217821782,63.693069306930695
193,27440,2-Ethyl-4-methylthiazole,15679-12-6,CCC1=NC(=CS1)C,127.21,25.0,20.58823529411765,29.774193548387096,23.043478260869566,80.12380952380953,25.03809523809524,44.60952380952381
194,61809,2-Ethoxythiazole,15679-19-3,CCOC1=NC=CS1,129.18,21.0,22.7,15.636363636363637,20.05,66.54716981132076,30.81132075471698,43.91509433962264
195,27457,2-Ethyl-3-methylpyrazine,15707-23-0,CCC1=NC=CN=C1C,122.17,29.0,29.09090909090909,29.714285714285715,25.04,76.28703703703704,37.55555555555556,57.86111111111112
196,27458,"2,3-Diethylpyrazine",15707-24-1,CCC1=NC=CN=C1CC,136.19,1.0,28.07692307692308,21.272727272727277,24.91304347826087,56.48780487804878,36.46341463414634,51.41463414634146
197,15380,Bis(methylthio)methane,1618-26-4,CSCSC,108.23,23.83333333333333,25.545454545454547,19.529411764705884,19.464285714285715,60.619565217391305,33.25,45.69565217391305
198,565690,Menthyl isovalerate,16409-46-4,CC1CCC(C(C1)OC(=O)CC(C)C)C(C)C,240.38,29.0,11.666666666666666,36.66666666666666,23.2,28.84375,54.4375,37.984375
199,85522,Methyl (methylthio)acetate,16630-66-3,COC(=O)CSC,120.17,21.68421052631579,32.0,29.666666666666668,26.516129032258064,63.57608695652174,26.043478260869566,42.96739130434783
200,15510,Cyclopentanethiol,1679-07-8,C1CCC(C1)S,102.2,23.689655172413797,8.0,32.8,38.34285714285714,85.26851851851852,20.26851851851852,56.62037037037037
201,641256,"trans,trans-2,4-Hexadien-1-ol",17102-64-6,CC=CC=CCO,98.14,15.5,19.714285714285715,33.666666666666664,24.857142857142858,33.5,48.62857142857143,41.75714285714286
202,15606,Methyl nonanoate,1731-84-6,CCCCCCCCC(=O)OC,172.26,5.666666666666667,31.9,14.333333333333334,19.166666666666668,45.7375,57.8125,48.8375
203,15654,4-Methyl-5-vinylthiazole,1759-28-0,CC1=C(SC=N1)C=C,125.19,7.0,29.058823529411764,34.407407407407405,30.545454545454547,64.6875,28.729166666666668,40.927083333333336
204,15717,Allyl phenylacetate,1797-74-6,C=CCOC(=O)CC1=CC=CC=C1,176.21,7.0,,38.0,14.5,31.53846153846154,37.71794871794872,39.87179487179487
205,440967,(-)-beta-Pinene,18172-67-3,CC1(C2CCC(=C)C1C2)C,136.23,11.666666666666666,28.88,34.0,24.0,58.45454545454545,52.13636363636363,56.70454545454545
206,519539,2-(1-Methylpropyl)thiazole,18277-27-5,CCC(C)C1=NC=CS1,141.24,9.625,17.22222222222222,25.65,24.0,70.4,28.61904761904762,42.56190476190476
207,106997,2-Ethylfenchol,18368-91-7,CCC1(C(C2CCC1(C2)C)(C)C)O,182.3,8.166666666666666,24.894736842105264,31.63157894736842,15.384615384615383,59.96511627906977,40.46511627906977,54.47674418604651
208,5318599,trans-2-Octen-1-ol,18409-17-1,CCCCCC=CCO,128.21,8.75,42.18181818181818,26.272727272727277,25.88888888888889,55.641975308641975,41.2962962962963,41.23456790123457
209,61130,(1R)-(-)-Myrtenal,18486-69-6,CC1(C2CC=C(C1C2)C=O)C,150.22,10.666666666666666,20.444444444444443,28.77777777777778,29.83333333333333,52.36486486486486,43.729729729729726,45.648648648648646
210,62725,2-Isobutylthiazole,18640-74-9,CC(C)CC1=NC=CS1,141.24,26.285714285714285,26.153846153846157,24.066666666666663,11.22222222222222,48.85057471264368,43.44827586206897,40.57471264367816
211,641423,Allyl cinnamate,1866-31-5,C=CCOC(=O)C=CC1=CC=CC=C1,188.22,11.4,17.90909090909091,36.1,23.75,52.11627906976744,52.38372093023256,42.16279069767442
212,16255,Isoamyl octanoate,2035-99-6,CCCCCCCC(=O)OCCC(C)C,214.34,20.2,24.363636363636363,19.2,17.1,47.87058823529412,52.94117647058823,45.305882352941175
213,16324,Allyl butyrate,2051-78-7,CCCC(=O)OCC=C,128.17,15.454545454545457,21.642857142857142,23.1,22.029411764705884,68.21875,27.791666666666668,46.9375
214,89440,"6-Acetyl-1,1,2,4,4,7-Hexamethyltetralin",21145-77-7,CC1CC(C2=C(C1(C)C)C=C(C(=C2)C(=O)C)C)(C)C,258.4,32.0,14.1,24.33333333333333,39.6,43.01162790697674,67.5,54.08139534883721
215,16537,Terpinyl formate,2153-26-6,CC1=CCC(CC1)C(C)(C)OC=O,182.26,31.0,52.0,29.22222222222222,30.666666666666668,34.8,40.18333333333333,40.91666666666666
216,61293,ethyl-3-hydroxyhexanoate,2305-25-1,CCCC(CC(=O)OCC)O,160.21,31.0,16.545454545454547,11.5,17.9,46.6,50.06666666666667,48.72222222222222
217,1550470,Ethyl sorbate,2396-84-1,CCOC(=O)C=CC=CC,140.18,17.0,39.1,23.875,27.8,59.77215189873418,41.48101265822785,49.40506329113924
218,520108,2-Acetylthiazole,24295-03-2,CC(=O)C1=NC=CS1,127.17,6.4,24.285714285714285,18.727272727272727,21.166666666666668,78.10280373831776,47.02803738317757,63.65420560747664
219,62444,Methyl thiobutyrate,2432-51-1,CCCC(=O)SC,118.2,30.863636363636363,22.5,17.551724137931036,33.17948717948718,80.95412844036697,10.65137614678899,47.6605504587156
220,88454,Hexyl propionate,2445-76-3,CCCCCCOC(=O)CC,158.24,14.5,12.4,14.571428571428571,21.6,52.59375,49.3125,42.609375
221,32594,2-isobutyl-3-methoxypyrazine,24683-00-9,CC(C)CC1=NC=CN=C1OC,166.22,17.5,27.9,9.333333333333334,14.25,76.24074074074075,39.41666666666666,53.87037037037037
222,2733294,trans-2-Hexenyl acetate,2497-18-9,CCCC=CCOC(=O)C,142.2,25.0,33.45454545454545,24.8,27.214285714285715,52.8,44.62105263157895,46.38947368421053
223,8456,Butylated hydroxyanisole,25013-16-5,CC(C)(C)C1=C(C=CC(=C1)OC)O,180.24,3.0,28.8,24.5,6.0,53.76623376623377,39.44155844155844,46.84415584415584
224,5367706,cis-3-Hexenyl benzoate,25152-85-6,CCC=CCCOC(=O)C1=CC=CC=C1,204.26,20.25,21.6,22.142857142857142,34.6,36.36065573770492,44.22950819672131,35.557377049180324
225,595928,Benzaldehyde propylene glycol acetal,2568-25-4,CC1COC(O1)C2=CC=CC=C2,164.2,20.0,22.0,11.333333333333334,11.25,45.0,45.898305084745765,35.77966101694916
226,220674,L-Menthyl acetate,2623-23-6,CC1CCC(C(C1)OC(=O)C)C(C)C,198.3,7.5,26.22222222222222,14.77777777777778,21.53846153846154,48.82530120481928,59.78915662650602,51.44578313253012
227,17525,hexyl butyrate,2639-63-6,CCCCCCOC(=O)CCC,172.26,19.571428571428573,34.375,27.5,27.63157894736842,35.93421052631579,37.68421052631579,41.05263157894737
228,17617,Allyl cyclohexanepropionate,2705-87-5,C=CCOC(=O)CCC1CCCCC1,196.29,15.0,11.25,38.0,8.0,48.9240506329114,58.83544303797469,50.08860759493671
229,520296,delta-Tetradecalactone,2721-22-4,CCCCCCCCCC1CCCC(=O)O1,226.35,17.166666666666668,21.5,23.83333333333333,14.0,27.08730158730159,45.98412698412698,37.40476190476191
230,62465,4-Ethylguaiacol,2785-89-9,CCC1=CC(=C(C=C1)O)OC,152.19,16.5,24.5,18.428571428571427,31.0,73.82857142857142,42.7047619047619,54.92380952380952
231,93375,Trivertal,27939-60-2,CC1C=C(CCC1C=O)C,138.21,15.5,24.0,27.0,27.4,50.72727272727273,46.4025974025974,44.50649350649351
232,17898,2-Methoxy-3-methylpyrazine,2847-30-5,CC1=NC=CN=C1OC,124.14,4.666666666666667,9.22222222222222,27.866666666666667,27.59090909090909,83.76146788990826,43.34862385321101,63.77981651376147
233,62835,"4,5-Dimethyl-3-hydroxy-2,5-dihydrofuran-2-one",28664-35-9,CC1C(=C(C(=O)O1)O)C,128.13,13.5,18.454545454545453,34.6,11.153846153846152,59.880434782608695,53.96739130434783,55.44565217391305
234,9256,Thiazole,288-47-1,C1=CSC=N1,85.13,41.5,14.22222222222222,25.83333333333333,12.571428571428571,22.508474576271187,44.11864406779661,35.559322033898304
235,9261,pyrazine,290-37-9,C1=CN=CC=N1,80.09,12.0,19.2,23.0,44.0,30.04615384615385,41.815384615384616,36.16923076923077
236,18467,2-Methoxypyrazine,3149-28-8,COC1=NC=CN=C1,110.11,15.333333333333334,18.285714285714285,24.181818181818183,7.636363636363637,56.22105263157895,45.2,52.21052631578947
237,3578033,3-(5-Methyl-2-furyl)butanal,31704-80-0,CC1=CC=C(O1)C(C)CC=O,152.19,14.75,19.823529411764707,14.789473684210526,17.705882352941178,55.48453608247423,33.855670103092784,39.103092783505154
238,18554,2-Ethylfuran,3208-16-0,CCC1=CC=CO1,96.13,41.0,17.6,20.818181818181817,32.583333333333336,48.24324324324324,35.986486486486484,39.729729729729726
239,18635,3-(Methylthio)propionaldehyde,3268-49-3,CSCCC=O,104.17,32.35,3.4285714285714284,28.84210526315789,27.714285714285715,75.17647058823529,27.15686274509804,51.76470588235294
240,61918,2-Acetyl-3-ethylpyrazine,32974-92-8,CCC1=NC=CN=C1C(=O)C,150.18,34.142857142857146,22.9,34.54545454545455,25.62962962962963,65.25,32.354166666666664,55.15625
241,2969,decanoic acid,334-48-5,CCCCCCCCCC(=O)O,172.26,15.75,21.666666666666668,21.954545454545453,24.866666666666667,63.50961538461539,28.509615384615383,44.11538461538461
242,5365049,cis-3-Hexenyl propionate,33467-74-2,CCC=CCCOC(=O)CC,156.22,8.0,30.214285714285715,8.25,28.444444444444443,47.91025641025641,60.282051282051285,50.82051282051282
243,18827,1-Octen-3-ol,3391-86-4,CCCCCC(C=C)O,128.21,22.33333333333333,30.608695652173918,22.142857142857142,24.714285714285715,54.34736842105263,41.07368421052632,42.8421052631579
244,36822,"5,6,7,8-Tetrahydroquinoxaline",34413-35-9,C1CCC2=NC=CN=C2C1,134.18,5.333333333333333,17.428571428571427,23.55555555555556,18.214285714285715,57.235955056179776,50.59550561797753,57.20224719101124
245,6999977,Butyl (S)-(-)-lactate,34451-19-9,CCCCOC(=O)C(C)O,146.18,3.6666666666666665,16.166666666666668,9.125,38.66666666666666,47.48648648648648,49.7027027027027,46.41891891891892
246,9589,3-Acetylpyridine,350-03-8,CC(=O)C1=CN=CC=C1,121.14,5.25,30.5,34.07692307692308,21.789473684210527,58.392857142857146,36.595238095238095,41.91666666666666
247,61945,Pyrazineethanethiol,35250-53-4,C1=CN=C(C=N1)CCS,140.21,1.0,27.8,25.75,8.333333333333334,29.369565217391305,47.04347826086956,33.97826086956522
248,9609,Diethyl sulfide,352-93-2,CCSCC,90.19,21.666666666666668,29.285714285714285,29.33333333333333,29.666666666666668,48.6056338028169,30.549295774647888,39.0
249,101604,Nopol acetate,35836-72-7,CC(=O)OCCC1=CCC2CC1C2(C)C,208.3,,33.833333333333336,32.0,45.25,47.51546391752577,68.73195876288659,53.88659793814433
250,19310,Dimethyl trisulfide,3658-80-8,CSSSC,126.3,37.47727272727273,16.470588235294116,26.44736842105263,26.5,71.16746411483254,23.688995215311003,52.92344497607655
251,2682,1-Hexadecanol,36653-82-4,CCCCCCCCCCCCCCCCO,242.44,25.0,25.5,17.11111111111111,18.285714285714285,40.32530120481928,39.87951807228916,41.14457831325301
252,5363388,cis-3-hexenyl acetate,3681-71-8,CCC=CCCOC(=O)C,142.2,2.333333333333333,25.0625,11.0,10.88888888888889,61.1063829787234,66.92553191489361,69.73404255319149
253,62087,2-Mercapto-3-butanol,37887-04-0,CC(C(C)S)O,106.19,16.833333333333332,40.5,41.4375,31.857142857142858,40.1578947368421,43.75438596491228,39.87719298245614
254,1549778,"6,10-Dimethyl-5,9-undecadien-2-one",3796-70-1,,,24.5,27.33333333333333,40.0,6.625,31.924242424242426,45.696969696969695,42.46969696969697
255,62900,Whiskey lactone,39212-23-2,CCCCC1C(CC(=O)O1)C,156.22,10.0,25.83333333333333,2.5,17.333333333333332,62.45454545454545,65.4040404040404,56.95959595959596
256,62902,Ethyl 2-methylpentanoate,39255-32-8,CCCC(C)C(=O)OCC,144.21,3.6666666666666665,21.428571428571427,3.8,23.285714285714285,55.19617224880383,69.87081339712918,57.63157894736842
257,98330,"2,5-Dihydroxy-1,4-dithiane",40018-26-6,C1C(SCC(S1)O)O,152.2,29.1,20.9,31.869565217391305,42.326530612244895,87.41284403669725,15.36697247706422,51.22018348623853
258,61325,"2,5-Dimethyl-4-methoxy-3(2H)-furanone",4077-47-8,CC1C(=O)C(=C(O1)C)OC,142.15,15.5,25.3,20.38095238095238,18.82608695652174,65.68867924528301,27.047169811320757,44.801886792452834
259,61331,Guaiacyl phenylacetate,4112-89-4,COC1=CC=CC=C1OC(=O)CC2=CC=CC=C2,242.27,22.25,24.764705882352946,23.07692307692308,24.0,66.40776699029126,39.84466019417476,52.15533980582524
260,5365027,cis-2-Nonen-1-ol,41453-56-9,CCCCCCC=CCO,142.24,19.75,16.2,30.384615384615383,14.052631578947368,67.12871287128714,35.306930693069305,43.76237623762376
261,5352539,cis-3-Hexenyl isobutyrate,41519-23-7,CCC=CCCOC(=O)C(C)C,170.25,29.33333333333333,20.416666666666668,23.22222222222222,17.4,57.845238095238095,44.845238095238095,49.92857142857143
262,637563,trans-Anethole,4180-23-8,CC=CC1=CC=C(C=C1)OC,148.2,1.0,19.75,19.5,13.0,50.21590909090909,57.59090909090909,59.71590909090909
263,61337,Allyl 2-furoate,4208-49-5,C=CCOC(=O)C1=CC=CO1,152.15,23.416666666666668,25.0,16.2,20.529411764705884,48.45783132530121,35.44578313253012,40.51807228915663
264,444683,(S)-( + )-2-butanol,4221-99-2,CCC(C)O,74.12,33.0,13.071428571428571,19.375,9.9,20.661290322580644,50.45161290322581,37.14516129032258
265,5367698,cis-3-Hexenyl phenylacetate,42436-07-7,CCC=CCCOC(=O)CC1=CC=CC=C1,218.29,37.25,22.5,31.285714285714285,19.375,40.11940298507463,43.71641791044776,40.19402985074627
266,650,"2,3-butanedione",431-03-8,CC(=O)C(=O)C,86.09,22.666666666666668,27.76923076923077,11.03225806451613,16.583333333333332,69.41747572815534,29.893203883495147,49.61165048543689
267,6429333,2-Phenyl-2-butenal,4411-89-6,CC=C(C=O)C1=CC=CC=C1,146.19,43.0,7.9,21.428571428571427,14.25,19.910714285714285,44.44642857142857,32.232142857142854
268,159055,D-Camphor,464-49-3,CC1(C2CCC1(C(=O)C2)C)C,152.23,20.33333333333333,29.066666666666663,31.09523809523809,14.0,77.26415094339623,52.235849056603776,74.9622641509434
269,2758,"1,8-cineole",470-82-6,CC1(C2CCC(O1)(CC2)C)C,154.25,1.0,32.76923076923077,31.22222222222222,42.0,59.40425531914894,62.07446808510638,62.61702127659574
270,521238,3-Octyl Acetate,4864-61-3,CCCCCC(CC)OC(=O)C,172.26,12.5,21.176470588235293,25.352941176470587,20.55555555555556,64.91666666666667,50.927083333333336,50.4375
271,10285,4-Methylquinoline,491-35-0,CC1=CC=NC2=CC=CC=C12,143.18,2.0,27.0,10.6,24.125,31.89090909090909,43.90909090909091,33.74545454545454
272,21057,1-Hepten-3-ol,4938-52-7,CCCCC(C=C)O,114.19,11.333333333333334,18.666666666666668,19.285714285714285,14.941176470588236,69.30392156862744,30.40196078431373,42.59803921568628
273,2214,Acetovanillone,498-02-2,CC(=O)C1=CC(=C(C=C1)O)OC,166.17,15.5,32.5,25.88888888888889,18.0,53.74390243902439,49.04878048780488,45.25609756097561
274,10364,Carvacrol,499-75-2,CC1=C(C=C(C=C1)C(C)C)O,150.22,3.6666666666666665,24.375,18.272727272727277,7.875,63.58585858585859,50.343434343434346,60.96969696969697
275,10400,Cycloheptanone,502-42-1,C1CCCC(=O)CC1,112.17,27.5,30.57894736842105,23.210526315789476,38.57142857142857,54.97368421052632,45.48684210526316,47.13157894736842
276,10430,isovaleric acid,503-74-2,CC(C)CC(=O)O,102.13,22.923076923076923,12.666666666666666,26.761904761904763,31.853658536585368,71.17,16.5,51.38
277,10448,3-(methylthio)-1-propanol,505-10-2,CSCCCO,106.19,23.52173913043478,6.0,34.611111111111114,34.542857142857144,74.71153846153847,23.76923076923077,48.78846153846154
278,62351,3-(Methylthio)propyl isothiocyanate,505-79-3,CSCCCN=C=S,147.3,20.185185185185187,11.6,34.142857142857146,20.696969696969692,72.97115384615384,29.548076923076923,48.68269230769231
279,5779,D-(-)-Ribose,50-69-1,C(C1C(C(C(O1)O)O)O)O,150.13,4.333333333333333,25.2,34.142857142857146,22.857142857142858,60.67391304347826,60.28260869565217,58.90217391304348
280,5780,D-Sorbitol,50-70-4,C(C(C(C(C(CO)O)O)O)O)O,182.17,30.818181818181817,27.55555555555556,16.933333333333334,33.130434782608695,60.72619047619048,35.404761904761905,51.23809523809524
281,262,butanediol,513-85-9,CC(C(C)O)O,90.12,5.5,20.5,15.428571428571429,36.375,37.69565217391305,53.130434782608695,43.85507246376812
282,1551246,"3,7-Dimethyl-2,6-octadienenitrile",5146-66-7,CC(=CCCC(=CC#N)C)C,149.23,1.0,27.52173913043478,33.1578947368421,9.0,61.62135922330097,62.57281553398058,58.38834951456311
283,5610,Tyramine,51-67-2,C1=CC(=CC=C1CCN)O,137.18,,17.5,12.9,25.5,45.53333333333333,40.1,47.35
284,78925,2-(Methylthio)ethanol,5271-38-5,CSCCO,92.16,28.384615384615383,31.0,24.76923076923077,31.63636363636364,63.30379746835443,35.9746835443038,48.62025316455696
285,5862,L-Cysteine,52-90-4,C(C(C(=O)O)N)S,121.16,25.066666666666663,25.75,40.2,40.06896551724138,59.2972972972973,21.2972972972973,42.17567567567568
286,10722,o-Tolualdehyde,529-20-4,CC1=CC=CC=C1C=O,120.15,5.333333333333333,17.63157894736842,27.8,13.833333333333334,60.625,55.88541666666666,54.708333333333336
287,21363,Cyclohexaneacetic acid,5292-21-7,C1CCC(CC1)CC(=O)O,142.2,22.875,33.416666666666664,19.166666666666668,23.071428571428573,55.08536585365854,32.01219512195122,41.75609756097561
288,10748,7-Methoxycoumarin,531-59-9,COC1=CC2=C(C=C1)C=CC(=O)O2,176.17,19.0,13.5,17.09090909090909,27.428571428571427,52.43809523809524,60.68571428571428,49.67619047619048
289,10797,2-Methylfuran,534-22-5,CC1=CC=CO1,82.1,33.0,21.33333333333333,11.0,31.875,27.229508196721312,45.24590163934426,37.80327868852459
290,325,4-Isopropylbenzyl alcohol,536-60-7,CC(C)C1=CC=C(C=C1)CO,150.22,24.0,26.727272727272727,26.666666666666668,22.0,56.2375,35.1375,41.2125
291,10882,Ethyl Valerate,539-82-2,CCCCC(=O)OCC,130.18,1.0,21.07692307692308,12.0,14.714285714285714,63.14150943396226,72.50943396226415,63.06603773584906
292,10886,Amyl hexanoate,540-07-8,CCCCCC(=O)OCCCCC,186.29,16.333333333333332,13.545454545454543,35.875,13.555555555555555,55.12658227848101,47.50632911392405,38.77215189873418
293,10890,Amyl butyrate,540-18-1,CCCCCOC(=O)CCC,158.24,15.0,27.11111111111111,17.0,4.2,49.05882352941177,53.6764705882353,46.76470588235294
294,10895,Isobutyl propionate,540-42-1,CCC(=O)OCC(C)C,130.18,31.83333333333333,9.636363636363637,17.666666666666668,8.545454545454545,46.16279069767442,53.91860465116279,44.96511627906977
295,62572,ethyl-3-hydroxybutyrate,5405-41-4,CCOC(=O)CC(C)O,132.16,14.25,20.875,28.0,32.666666666666664,48.98850574712644,60.08045977011494,50.6551724137931
296,10925,3-Methyl-1-butanethiol,541-31-1,CC(C)CCS,104.22,27.8,16.2,21.11111111111111,28.724137931034484,73.0909090909091,21.60606060606061,51.04040404040404
297,104721,"2-Acetyl-3,5(6)-dimethylpyrazine",54300-08-2,CC1=CN=C(C(=N1)C)C(=O)C,150.18,11.857142857142858,23.07692307692308,14.625,37.94736842105263,75.55140186915888,40.23364485981308,58.36448598130841
298,21648,4-(4-Hydroxyphenyl)-2-butanone,5471-51-2,CC(=O)CCC1=CC=C(C=C1)O,164.2,21.5,21.53846153846154,8.692307692307692,16.666666666666668,48.23711340206186,50.123711340206185,43.144329896907216
299,62089,(Â±)-4-Methyloctanoic acid,54947-74-9,CCCCC(C)CCC(=O)O,158.24,23.5,23.466666666666665,20.210526315789476,17.0,69.8952380952381,28.19047619047619,45.04761904761905
300,11086,2-Aminoacetophenone,551-93-9,CC(=O)C1=CC=CC=C1N,135.16,5.5,30.90909090909091,19.0,23.0,69.45192307692308,57.92307692307692,53.81730769230769
301,11124,Methyl Propionate,554-12-1,CCC(=O)OC,88.11,13.333333333333334,17.2,23.5,16.428571428571427,31.76923076923077,55.75384615384616,42.90769230769231
302,750,Glycine,56-40-6,C(C(=O)O)N,75.07,19.8,31.428571428571427,39.75,19.2,38.45333333333333,57.22666666666667,44.973333333333336
303,5950,L-Alanine,56-41-7,CC(C(=O)O)N,89.09,15.0,26.75,19.6,10.75,24.12903225806452,51.274193548387096,33.145161290322584
304,753,glycerol,56-81-5,C(C(CO)O)O,92.09,21.0,44.333333333333336,27.714285714285715,38.5,28.41860465116279,44.72093023255814,32.46511627906977
305,5960,Aspartic Acid,56-84-8,C(C(C(=O)O)N)C(=O)O,133.1,14.333333333333334,30.23076923076923,23.6,23.181818181818183,53.03896103896104,33.0,44.55844155844156
306,5961,L-Glutamine,56-85-9,C(CC(=O)N)C(C(=O)O)N,146.14,35.0,27.0,46.0,14.285714285714286,24.02083333333333,50.645833333333336,34.166666666666664
307,33032,L-Glutamic acid,56-86-0,C(CC(=O)O)C(C(=O)O)N,147.13,20.0,29.5,30.0,20.428571428571427,45.77777777777778,40.23809523809524,33.333333333333336
308,5962,L-Lysine,56-87-1,C(CCN)CC(C(=O)O)N,146.19,19.625,22.166666666666668,28.43243243243243,30.27027027027027,70.71428571428571,22.80952380952381,47.095238095238095
309,5362798,cis-4-Decen-1-ol,57074-37-0,CCCCCC=CCCCO,156.26,1.0,29.07692307692308,14.181818181818182,17.90909090909091,51.51162790697674,50.93023255813954,46.19767441860465
310,1030,Propylene glycol,57-55-6,CC(CO)O,76.09,1.0,27.142857142857142,14.2,18.428571428571427,31.387755102040817,44.71428571428572,44.67346938775511
311,11419,2-Methylcyclohexanone,583-60-8,CC1CCCCC1=O,112.17,11.0,16.1,28.35,19.25,55.5,37.51282051282051,44.74358974358975
312,11428,3-pentanol,584-02-1,CCC(CC)O,88.15,24.5,35.0,29.105263157894736,24.8,62.75,33.785714285714285,53.035714285714285
313,11525,4-Methylcyclohexanone,589-92-4,CC1CCC(=O)CC1,112.17,6.666666666666667,26.727272727272727,41.30769230769231,5.166666666666667,48.47191011235955,49.01123595505618,47.37078651685393
314,11527,3-Octanol,589-98-0,CCCCCC(CC)O,130.23,1.0,43.77777777777778,36.5625,37.18181818181818,55.125,42.44318181818182,41.92045454545455
315,11529,Butyl Propionate,590-01-2,CCCCOC(=O)CC,130.18,30.4,18.153846153846157,11.090909090909092,20.5,46.936708860759495,51.79746835443038,44.20253164556962
316,62144,2-Furanmethanethiol formate,59020-90-5,C1=COC(=C1)CSC=O,142.18,33.4,13.8,25.94736842105263,25.71875,87.10091743119266,22.91743119266055,56.53211009174312
317,11567,3-Methylcyclohexanone,591-24-2,CC1CCCC(=O)C1,112.17,9.333333333333334,22.157894736842103,26.47058823529412,21.625,58.0989010989011,43.96703296703296,45.42857142857143
318,11569,m-Anisaldehyde,591-31-1,COC1=CC=CC(=C1)C=O,136.15,38.66666666666666,33.75,18.375,28.0,38.394366197183096,53.267605633802816,45.67605633802817
319,11583,2-hexanone,591-78-6,CCCCC(=O)C,100.16,6.0,20.25,27.75,22.33333333333333,55.74390243902439,44.41463414634146,48.6219512195122
320,61138,4-Pentenoic acid,591-80-0,C=CCCC(=O)O,100.12,32.285714285714285,15.4,23.73076923076923,32.75,72.96261682242991,14.878504672897195,46.58878504672897
321,11614,Butyl formate,592-84-7,CCCCOC=O,102.13,21.6,19.25,30.0,21.8,38.36764705882353,44.98529411764706,43.35294117647059
322,11617,Allyl Sulfide,592-88-1,C=CCSCC=C,114.21,30.0,43.75,18.285714285714285,32.0,37.05084745762712,39.3728813559322,38.66101694915254
323,440917,d-Limonene,5989-27-5,CC1=CCC(CC1)C(=C)C,136.23,10.0,39.16666666666666,13.714285714285714,10.545454545454543,37.20253164556962,42.13924050632912,42.40506329113924
324,6050,Tributyrin,60-01-5,CCCC(=O)OCC(COC(=O)CCC)OC(=O)CCC,302.36,18.428571428571427,20.444444444444443,22.375,27.62962962962963,54.19767441860465,29.046511627906977,44.77906976744186
325,22310,linalool oxide,60047-17-8,CC1(CCC(O1)C(C)(C)O)C=C,170.25,5.0,30.272727272727277,13.142857142857142,25.7,34.22857142857143,47.62857142857143,40.72857142857143
326,6054,2-phenylethanol,60-12-8,C1=CC=C(C=C1)CCO,122.16,1.0,25.0,32.916666666666664,9.714285714285714,65.05714285714286,57.68571428571428,61.82857142857143
327,6057,L-Tyrosine,60-18-4,C1=CC(=CC=C1CC(C(=O)O)N)O,181.19,,32.25,14.555555555555555,16.571428571428573,28.363636363636363,44.0,32.72727272727273
328,22386,2-pentanol,6032-29-7,CCCC(C)O,88.15,5.0,26.9,28.571428571428573,20.8,38.58108108108108,38.86486486486486,40.43243243243244
329,5280450,Linoleic acid,60-33-3,CCCCCC=CCC=CCCCCCCCC(=O)O,280.4,12.666666666666666,21.13636363636364,18.67241379310345,29.719298245614038,78.69907407407408,24.171296296296298,47.54166666666666
330,61151,Methyl 2-methoxybenzoate,606-45-1,COC1=CC=CC=C1C(=O)OC,166.17,36.5,35.333333333333336,13.22222222222222,21.5,36.05882352941177,47.14705882352941,39.41176470588236
331,11902,methyl 2-furoate,611-13-2,COC(=O)C1=CC=CO1,126.11,6.333333333333333,23.166666666666668,23.916666666666668,26.9375,53.5974025974026,40.75324675324676,42.09090909090909
332,61155,2-Methoxyphenyl acetate,613-70-7,CC(=O)OC1=CC=CC=C1OC,166.17,34.4,25.15,22.07692307692308,28.0,65.36893203883496,41.320388349514566,45.9126213592233
333,11980,Ethyl 2-furoate,614-99-3,CCOC(=O)C1=CC=CO1,140.14,24.25,32.916666666666664,28.107142857142858,16.25,66.0,36.898989898989896,42.75757575757576
334,12020,1-Penten-3-ol,616-25-1,CCC(C=C)O,86.13,18.6,25.125,27.714285714285715,34.3,45.14492753623188,41.6231884057971,40.0
335,6106,L-Leucine,61-90-5,CC(C)CC(C(=O)O)N,131.17,11.571428571428571,24.83333333333333,23.22222222222222,37.16,60.82795698924731,32.763440860215056,44.38709677419355
336,5364231,cis-3-Hexenyl lactate,61931-81-5,CCC=CCCOC(=O)C(C)O,172.22,21.4,21.266666666666666,13.0,9.75,51.67368421052632,49.56842105263158,49.33684210526316
337,12097,5-Methylfurfural,620-02-0,CC1=CC=C(O1)C=O,110.11,3.0,34.916666666666664,15.615384615384617,13.5,42.77464788732394,53.971830985915496,46.0281690140845
338,2346,Benzyl isothiocyanate,622-78-6,C1=CC=C(C=C1)CN=C=S,149.21,19.764705882352946,15.333333333333334,17.75,29.7,68.28971962616822,21.8785046728972,42.1588785046729
339,12178,3-hexanol,623-37-0,CCCC(CC)O,102.17,23.33333333333333,28.869565217391305,27.4,18.68421052631579,54.01744186046512,39.49418604651163,40.19186046511628
340,12180,Methyl butyrate,623-42-7,CCCC(=O)OC,102.13,22.0,20.25,26.615384615384617,23.416666666666668,62.54166666666666,30.541666666666668,46.802083333333336
341,12206,Methyl valerate,624-24-8,CCCCC(=O)OC,116.16,26.77777777777778,25.307692307692307,24.0625,24.0,57.38613861386138,45.55445544554456,50.65346534653465
342,12265,"2,5-Dimethylpyrrole",625-84-3,CC1=CC=C(N1)C,95.14,19.714285714285715,12.857142857142858,24.8,16.666666666666668,62.20618556701031,50.876288659793815,55.77319587628866
343,12297,2-hexanol,626-93-7,CCCCC(C)O,102.17,4.5,34.38461538461539,29.5,24.1,62.06593406593407,42.24175824175824,50.05494505494506
344,12327,Ethyl undecanoate,627-90-7,CCCCCCCCCCC(=O)OCC,214.34,15.0,27.444444444444443,21.428571428571427,26.181818181818183,55.97916666666666,51.5625,48.51041666666666
345,12348,pentyl acetate,628-63-7,CCCCCOC(=O)C,130.18,17.25,30.071428571428573,35.166666666666664,29.125,54.84705882352941,57.56470588235294,52.37647058823529
346,12377,dipropyl disulfide,629-19-6,CCCSSCCC,150.3,30.133333333333333,12.333333333333334,14.153846153846152,22.692307692307693,70.36538461538461,37.875,65.54807692307692
347,61177,Hexyl Formate,629-33-4,CCCCCCOC=O,130.18,9.666666666666666,13.25,37.27777777777778,24.6,50.833333333333336,46.523809523809526,40.095238095238095
348,526618,2-Methyl-3-methylthiofuran,63012-97-5,CC1=C(C=CO1)SC,128.19,29.166666666666668,24.285714285714285,24.33333333333333,27.125,52.825581395348834,30.430232558139537,42.11627906976744
349,61386,Isoamyl laurate,6309-51-9,CCCCCCCCCCCC(=O)OCCC(C)C,270.5,34.8,39.8,17.454545454545453,30.58823529411765,46.86301369863013,38.31506849315068,38.31506849315068
350,6137,L-Methionine,63-68-3,CSCCC(C(=O)O)N,149.21,22.61904761904762,18.571428571428573,27.642857142857142,39.27777777777778,64.67676767676768,24.464646464646464,43.80808080808081
351,12506,Tetrahydrofurfuryl acetate,637-64-9,CC(=O)OCC1CCCO1,144.17,28.33333333333333,35.2,18.0,19.416666666666668,43.108108108108105,43.33783783783784,37.67567567567568
352,22873,Hexyl hexanoate,6378-65-0,CCCCCCOC(=O)CCCCC,200.32,10.5,16.384615384615383,32.916666666666664,22.8,54.21348314606742,45.58426966292135,38.61797752808989
353,61185,N-Amyl octanoate,638-25-5,CCCCCCCC(=O)OCCCCC,214.34,62.333333333333336,15.0,18.0,7.833333333333333,28.76363636363636,53.32727272727273,34.18181818181818
354,6140,L-Phenylalanine,63-91-2,C1=CC=C(C=C1)CC(C(=O)O)N,165.19,20.33333333333333,7.857142857142857,23.23076923076923,26.714285714285715,32.3134328358209,42.0,36.53731343283582
355,1001,Phenethylamine,64-04-0,C1=CC=C(C=C1)CCN,121.18,30.416666666666668,27.125,26.08695652173913,31.94736842105263,48.40963855421687,35.93975903614458,43.87951807228916
356,702,ethanol,64-17-5,CCO,46.07,24.0,39.5,2.0,14.0,16.85185185185185,55.24074074074074,37.75925925925926
357,176,acetic acid,64-19-7,CC(=O)O,60.05,76.0,23.666666666666668,39.75,28.4,17.5,47.10416666666666,39.395833333333336
358,5352837,cis-5-Octen-1-ol,64275-73-6,CCC=CCCCCO,128.21,2.0,37.63636363636363,20.428571428571427,28.857142857142858,59.15686274509804,62.74509803921568,64.62745098039215
359,12580,4-propylphenol,645-56-7,CCCC1=CC=C(C=C1)O,136.19,12.666666666666666,17.76923076923077,23.235294117647054,28.0,55.333333333333336,41.2,40.9
360,12587,4-Methylvaleric acid,646-07-1,CC(C)CCC(=O)O,116.16,28.25,9.0,18.3,23.68421052631579,48.16883116883117,29.272727272727277,38.285714285714285
361,439570,(-)-Carvone,6485-40-1,CC1=CCC(CC1=O)C(=C)C,150.22,1.0,37.06666666666667,8.5,7.8,78.45454545454545,78.38181818181818,79.54545454545455
362,5371102,cis-3-Hexenyl salicylate,65405-77-8,CCC=CCCOC(=O)C1=CC=CC=C1O,220.26,26.75,14.636363636363637,27.88888888888889,10.666666666666666,36.04166666666666,48.66666666666666,39.083333333333336
363,61192,4-Methyl-5-thiazoleethanol acetate,656-53-1,CC1=C(SC=N1)CCOC(=O)C,185.25,22.53846153846154,14.571428571428571,27.0,15.642857142857142,53.96808510638298,37.64893617021277,50.3936170212766
364,243,Benzoic acid,65-85-0,C1=CC=C(C=C1)C(=O)O,122.12,21.5,15.3,15.916666666666666,30.0,24.88888888888889,45.98412698412698,36.74603174603175
365,6184,Hexanal,66-25-1,CCCCCC=O,100.16,27.33333333333333,21.428571428571427,25.105263157894736,27.68421052631579,60.72368421052632,27.80263157894737,38.05263157894737
366,6202,Thiamine hydrochloride,67-03-8,CC1=C(SC=[N+]1CC2=CN=C(N=C2N)C)CCO.Cl.[Cl-],337.3,28.642857142857142,13.571428571428571,23.416666666666668,36.0,64.37037037037037,35.9537037037037,48.157407407407405
367,5281168,2-hexenal,6728-26-3,CCCC=CC=O,98.14,18.5,19.41176470588235,13.6875,11.909090909090908,55.66304347826087,40.29347826086956,41.96739130434783
368,5362814,cis-4-Heptenal,6728-31-0,CCC=CCCC=O,112.17,16.875,19.5,17.692307692307693,30.32,61.80612244897959,30.5,45.704081632653065
369,887,methanol,67-56-1,CO,32.042,28.666666666666668,35.25,13.4,22.22222222222222,28.035714285714285,40.785714285714285,35.05357142857143
370,3776,Isopropyl alcohol,67-63-0,CC(C)O,60.1,10.0,30.33333333333333,20.166666666666668,13.0,16.114285714285714,39.885714285714286,32.4
371,180,acetone,67-64-1,CC(=O)C,58.08,33.0,40.16666666666666,52.0,26.33333333333333,33.8235294117647,54.13235294117647,39.75
372,679,Methyl sulfoxide,67-68-5,CS(=O)C,78.14,32.333333333333336,23.857142857142858,22.916666666666668,22.0,43.871428571428574,34.67142857142857,41.68571428571428
373,6213,Methyl sulfone,67-71-0,CS(=O)(=O)C,94.14,25.0,16.714285714285715,27.6,31.5,34.58730158730159,55.74603174603175,46.77777777777778
374,101010,"2-Methyl-4-propyl-1,3-oxathiane",67715-80-4,CCCC1CCOC(S1)C,160.28,16.375,21.53846153846154,18.714285714285715,28.545454545454547,54.19736842105263,42.67105263157895,45.51315789473684
375,16220109,cis-3-Hexenyl tiglate,67883-79-8,CCC=CCCOC(=O)C(=CC)C,182.26,13.8,25.94736842105263,9.133333333333333,21.1875,63.96039603960397,47.415841584158414,50.92079207920792
376,23235,Hexyl benzoate,6789-88-4,CCCCCCOC(=O)C1=CC=CC=C1,206.28,27.571428571428573,30.344827586206897,25.54054054054054,23.72,56.654450261780106,35.69109947643979,40.4607329842932
377,10857465,Ambrox,6790-58-5,CC1(CCCC2(C1CCC3(C2CCO3)C)C)C,236.39,1.0,24.846153846153847,12.0,10.428571428571429,62.71134020618557,59.02061855670103,60.93814432989691
378,12741,2-decanone,693-54-9,CCCCCCCCC(=O)C,156.26,15.0,19.428571428571427,25.7,12.22222222222222,36.86075949367088,50.151898734177216,38.607594936708864
379,12748,4-Methylthiazole,693-95-8,CC1=CSC=N1,99.16,16.714285714285715,20.9,22.2,20.76,59.0625,31.041666666666668,45.63541666666666
380,61199,5-Ethyl-3-hydroxy-4-methyl-2(5H)-furanone,698-10-2,CCC1C(=C(C(=O)O1)O)C,142.15,25.5,14.5,25.666666666666668,3.2857142857142856,48.46428571428572,63.66666666666666,57.10119047619048
381,12810,delta-Decalactone,705-86-2,CCCCCC1CCCC(=O)O1,170.25,7.8,23.75,13.375,11.4,59.41,70.74,61.73
382,12813,gamma-decalactone,706-14-9,CCCCCCC1CCC(=O)O1,170.25,1.0,20.466666666666665,16.75,2.5,45.27956989247312,63.40860215053763,49.354838709677416
383,6274,L-Histidine,71-00-1,C1=C(NC=N1)CC(C(=O)O)N,155.15,4.75,41.0,22.714285714285715,29.75,41.18666666666667,38.10666666666667,38.53333333333333
384,61204,delta-Undecalactone,710-04-3,CCCCCCC1CCCC(=O)O1,184.27,16.0,22.692307692307693,14.0,30.0,52.92134831460674,60.70786516853933,47.50561797752809
385,1031,propanol,71-23-8,CCCO,60.1,22.5,28.5,24.142857142857142,25.0,27.964285714285715,49.892857142857146,37.285714285714285
386,263,butanol,71-36-3,CCCCO,74.12,15.5,19.0,35.0,14.8,15.24074074074074,46.18518518518518,31.40740740740741
387,6276,pentanol,71-41-0,CCCCCO,88.15,17.6,25.7,26.105263157894736,24.625,49.11111111111112,33.20987654320987,41.13580246913581
388,241,Benzene,71-43-2,C1=CC=CC=C1,78.11,42.0,13.571428571428571,20.285714285714285,6.75,15.166666666666666,46.083333333333336,26.6875
389,251531,Phenethyl 2-furoate,7149-32-8,C1=CC=C(C=C1)CCOC(=O)C2=CC=CO2,216.23,4.0,13.88888888888889,18.1,19.4,38.01428571428571,56.07142857142857,48.48571428571429
390,23642,2-Methoxythiophenol,7217-59-6,COC1=CC=CC=C1S,140.2,23.375,27.363636363636363,16.5,28.58333333333333,68.725,27.25,39.6375
391,6287,L-Valine,72-18-4,CC(C)C(C(=O)O)N,117.15,38.66666666666666,30.666666666666668,27.428571428571427,17.125,38.96969696969697,44.24242424242424,39.90909090909091
392,24020,Ethyl 2-methylbutyrate,7452-79-1,CCC(C)C(=O)OCC,130.18,4.0,27.071428571428573,1.75,4.0,65.95454545454545,76.48181818181818,68.43636363636364
393,6322,L-Arginine,74-79-3,C(CC(C(=O)O)N)CN=C(N)N,174.2,,26.0,9.4,14.0,19.853658536585368,46.19512195121951,29.902439024390244
394,24116,Allyl anthranilate,7493-63-2,C=CCOC(=O)C1=CC=CC=C1N,177.2,14.0,30.55555555555556,14.0,22.454545454545453,41.23456790123457,51.51851851851852,41.39506172839506
395,61408,Allyl 2-ethylbutyrate,7493-69-8,CCC(CC)C(=O)OCC=C,156.22,10.0,31.46153846153846,21.6875,24.55555555555556,52.659574468085104,58.6063829787234,48.180851063829785
396,5364729,Allyl tiglate,7493-71-2,CC=C(C)C(=O)OCC=C,140.18,23.375,34.285714285714285,13.583333333333334,13.933333333333334,60.36792452830189,42.62264150943396,47.91509433962264
397,177,acetaldehyde,75-07-0,CC=O,44.05,12.5,21.307692307692307,22.0,27.75,32.391891891891895,48.87837837837838,39.13513513513514
398,1068,methyl sulfide,75-18-3,CSC,62.14,22.0,26.0,20.875,31.12903225806452,57.5360824742268,33.48453608247423,45.43298969072165
399,7793,(-)-citronellol,7540-51-4,CC(CCC=C(C)C)CCO,156.26,7.0,22.142857142857142,14.4375,20.0,58.41666666666666,56.90625,54.270833333333336
400,5366244,Phytol,7541-49-3,CC(C)CCCC(C)CCCC(C)CCCC(=CCO)C,296.5,9.0,28.33333333333333,22.8,21.9,57.57142857142857,31.77142857142857,42.15714285714286
401,6374,Iodoform,75-47-8,C(I)(I)I,393.732,33.625,25.36842105263158,26.75862068965517,15.25,76.56481481481481,33.46296296296296,51.91666666666666
402,807,Iodine,7553-56-2,II,253.8089,17.0,21.785714285714285,31.894736842105264,38.86363636363637,63.36842105263158,25.644736842105264,46.078947368421055
403,24203,Sodium phosphate dibasic,7558-79-4,OP(=O)([O-])[O-].[Na+].[Na+],141.959,1.0,22.0,7.666666666666667,16.833333333333332,25.78846153846154,55.42307692307692,36.32692307692308
404,6386,tert-butanol,75-65-0,CC(C)(C)O,74.12,34.5,24.666666666666668,28.3125,34.714285714285715,45.75342465753425,49.47945205479452,43.26027397260274
405,2537,Camphor,76-22-2,CC1(C2CCC1(C(=O)C2)C)C,152.23,19.25,17.2,29.866666666666667,29.4,44.38028169014085,50.647887323943664,46.95774647887324
406,6448,Bornyl acetate,76-49-3,CC(=O)OC1CC2CCC1(C2(C)C)C,196.29,4.666666666666667,27.705882352941178,28.4,25.5,33.19277108433735,45.42168674698795,37.0
407,61209,Methylcyclopentenolone,765-70-8,CC1CCC(=O)C1=O,112.13,28.8,22.6,9.333333333333334,33.55555555555556,78.43119266055047,40.15596330275229,57.80733944954128
408,962,Water,7732-18-5,O,18.015,25.0,22.8,45.2,22.666666666666668,28.89090909090909,51.87272727272728,37.87272727272728
409,24473,D-Dihydrocarvone,7764-50-3,CC1CCC(CC1=O)C(=C)C,152.23,11.0,32.05882352941177,37.69565217391305,15.090909090909092,65.13592233009709,44.47572815533981,50.00970873786408
410,24513,Decanal dimethyl acetal,7779-41-1,CCCCCCCCCC(OC)OC,202.33,1.0,39.5625,19.375,29.75,54.2183908045977,51.55172413793103,45.02298850574713
411,6753,omega-6-Hexadecenlactone,7779-50-2,CC1=C(C=C(C(=C1[N+](=O)[O-])OC)C(C)(C)C)[N+](=O)[O-],268.27,,26.666666666666668,28.0,6.0,25.65217391304348,53.65217391304348,38.80434782608695
412,5273467,Isoamyl cinnamate,7779-65-9,CC(C)CCOC(=O)C=CC1=CC=CC=C1,218.29,20.0,28.181818181818183,5.6,22.857142857142858,20.62962962962963,47.388888888888886,32.68518518518518
413,6501,Ethyl 3-methyl-3-phenylglycidate,77-83-8,CCOC(=O)C1C(O1)(C)C2=CC=CC=C2,206.24,83.0,20.428571428571427,43.25,13.75,38.17307692307692,58.05769230769231,42.34615384615385
414,82227,alpha-pinene,7785-70-8,CC1=CCC2CC1C2(C)C,136.23,9.666666666666666,20.25,29.181818181818183,4.333333333333333,48.12048192771084,49.12048192771084,44.493975903614455
415,228769,Octyl isovalerate,7786-58-5,CCCCCCCCOC(=O)CC(C)C,214.34,19.857142857142858,21.7,22.1,16.333333333333332,26.25423728813559,46.33898305084746,36.644067796610166
416,14525,l-fenchone,7787-20-4,CC1(C2CCC(C2)(C1=O)C)C,152.23,16.0,23.38888888888889,25.571428571428573,17.166666666666668,49.23611111111112,45.90277777777778,51.333333333333336
417,6505,Tributyl-2-Acetylcitrate,77-90-7,CCCCOC(=O)CC(CC(=O)OCCCC)(C(=O)OCCCC)OC(=O)C,402.5,32.0,25.142857142857142,12.0,16.333333333333332,30.604166666666668,45.8125,36.4375
418,311,Citric acid,77-92-9,C(C(=O)O)C(CC(=O)O)(C(=O)O)O,192.12,18.0,35.888888888888886,27.75,14.25,23.2,50.06666666666667,32.08888888888889
419,6506,Triethyl citrate,77-93-0,CCOC(=O)CC(CC(=O)OCC)(C(=O)OCC)O,276.28,25.666666666666668,29.181818181818183,14.615384615384617,12.5,27.89655172413793,42.6551724137931,36.77586206896552
420,6544,Isophorone,78-59-1,CC1=CC(=O)CC(C1)(C)C,138.21,3.0,15.6,32.0,25.428571428571427,45.073170731707314,52.6219512195122,46.35365853658536
421,6549,Linalool,78-70-6,CC(=CCCC(C)(C=C)O)C,154.25,21.5,18.105263157894736,19.166666666666668,15.5,49.28888888888889,70.85555555555555,51.66666666666666
422,5355850,trans-Cinnamyl propionate,78761-38-3,CCC(=O)OCC=CC1=CC=CC=C1,190.24,32.333333333333336,46.77777777777778,22.58333333333333,23.25,39.59016393442623,49.62295081967213,42.885245901639344
423,6560,2-methyl-1-propanol,78-83-1,CC(C)CO,74.12,5.0,30.7,26.0,11.0,33.37313432835821,40.298507462686565,37.014925373134325
424,6561,Isobutyraldehyde,78-84-2,CC(C)C=O,72.11,16.0,20.77777777777778,16.16,21.642857142857142,70.16666666666667,25.686274509803923,41.24509803921568
425,6569,2-butanone,78-93-3,CCC(=O)C,72.11,15.0,32.5,20.0,22.166666666666668,28.21538461538461,45.53846153846154,32.27692307692308
426,1032,propionic acid,79-09-4,CCC(=O)O,74.08,53.333333333333336,24.83333333333333,28.416666666666668,11.444444444444445,27.94117647058824,40.0,37.78431372549019
427,6584,methyl acetate,79-20-9,CC(=O)OC,74.08,10.5,22.75,30.307692307692307,31.11111111111111,53.04054054054054,29.85135135135135,48.608108108108105
428,6590,Isobutyric acid,79-31-2,CC(C)C(=O)O,88.11,33.0,18.2,29.3,20.625,45.20588235294117,33.14705882352941,42.1764705882353
429,638014,beta-Ionone,79-77-6,CC1=C(C(CCC1)(C)C)C=CC(=O)C,192.3,10.5,37.142857142857146,23.75,17.77777777777778,60.97872340425532,55.319148936170215,51.191489361702125
430,6658,Methyl methacrylate,80-62-6,CC(=C)C(=O)OC,100.12,24.285714285714285,23.53846153846154,19.7,8.75,40.40845070422535,42.28169014084507,42.53521126760563
431,6669,musk ketone,81-14-1,CC1=C(C(=C(C(=C1[N+](=O)[O-])C(C)(C)C)[N+](=O)[O-])C)C(=O)C,294.3,12.0,27.916666666666668,25.55555555555556,12.75,48.71875,64.11458333333333,51.583333333333336
432,5362588,5-Methyl-2-hepten-4-one,81925-81-7,CCC(C)C(=O)C=CC,126.2,1.3333333333333333,22.11111111111111,24.33333333333333,14.666666666666666,52.13186813186813,52.95604395604396,43.417582417582416
433,69963,5-Hexen-1-ol,821-41-0,C=CCCCCO,100.16,20.166666666666668,27.55555555555556,20.625,9.5,47.61038961038961,48.493506493506494,43.285714285714285
434,13187,2-Nonanone,821-55-6,CCCCCCCC(=O)C,142.24,6.666666666666667,35.25,25.0,11.8,47.88157894736842,56.526315789473685,47.60526315789474
435,13204,delta-Hexalactone,823-22-3,CC1CCCC(=O)O1,114.14,33.0,17.833333333333332,32.7,25.11111111111111,37.68571428571428,46.98571428571429,36.614285714285714
436,13216,Decahydro-2-naphthol,825-51-4,C1CCC2CC(CCC2C1)O,154.25,19.33333333333333,16.181818181818183,20.357142857142858,27.285714285714285,42.629629629629626,50.17283950617284,43.95061728395062
437,6826,Dimethyl anthranilate,85-91-6,CNC1=CC=CC=C1C(=O)OC,165.19,,39.55555555555556,44.0,41.333333333333336,34.55263157894737,59.60526315789474,45.28947368421053
438,62332,Phenethyl salicylate,87-22-9,C1=CC=C(C=C1)CCOC(=O)C2=CC=CC=C2O,242.27,6.0,30.6,11.0,23.714285714285715,31.357142857142858,55.98214285714285,37.267857142857146
439,6920,2-Acetylthiophene,88-15-3,CC(=O)C1=CC=CS1,126.18,41.0,19.25,23.714285714285715,15.0,36.65277777777778,48.48611111111112,43.36111111111112
440,61229,Vanillin Acetate,881-68-5,CC(=O)OC1=C(C=C(C=C1)C=O)OC,194.18,1.0,18.2,1.0,17.0,59.51456310679612,73.4368932038835,67.4368932038835
441,13436,Phenyl disulfide,882-33-7,C1=CC=C(C=C1)SSC2=CC=CC=C2,218.3,28.176470588235293,3.6,39.388888888888886,24.266666666666666,56.85,27.42,45.35
442,6943,2-Isopropylphenol,88-69-7,CC(C)C1=CC=CC=C1O,136.19,23.5,22.727272727272727,20.82608695652174,12.583333333333334,65.47826086956522,35.25,43.619565217391305
443,170833,(-)-Isopulegol,89-79-2,CC1CCC(C(C1)O)C(=C)C,154.25,23.0,26.347826086956523,30.272727272727277,11.6,62.40243902439025,52.97560975609756,61.52439024390244
444,6989,thymol,89-83-8,CC1=CC(=C(C=C1)C(C)C)O,150.22,1.0,21.22222222222222,17.785714285714285,13.818181818181818,57.16666666666666,44.739583333333336,53.145833333333336
445,6997,2-ethylphenol,90-00-6,CCC1=CC=CC=C1O,122.16,42.0,35.411764705882355,33.083333333333336,11.153846153846152,75.70093457943925,31.121495327102803,58.16822429906542
446,6998,salicylaldehyde,90-02-8,C1=CC=C(C(=C1)C=O)O,122.12,19.0,40.785714285714285,25.22222222222222,24.22222222222222,66.43,34.76,46.17
447,460,Guaiacol,90-05-1,COC1=CC=CC=C1O,124.14,14.0,26.5,17.033333333333335,25.0,58.64248704663213,39.30569948186528,44.72020725388601
448,7047,Quinoline,91-22-5,C1=CC=C2C(=C1)C=CC=N2,129.16,27.0,19.77777777777778,17.90909090909091,25.2,70.10416666666667,27.52083333333333,44.9375
449,7059,6-methyl quinoline,91-62-3,CC1=CC2=C(C=C1)N=CC=C2,143.18,,27.33333333333333,36.642857142857146,10.6,60.255102040816325,47.58163265306123,44.12244897959184
450,323,coumarin,91-64-5,C1=CC=C2C(=C1)C=CC(=O)O2,146.14,1.0,15.642857142857142,21.846153846153847,11.75,70.3644859813084,66.17757009345794,59.925233644859816
451,7092,6-Methylcoumarin,92-48-8,CC1=CC2=C(C=C1)OC(=O)C=C2,160.17,1.0,29.928571428571427,30.933333333333334,28.692307692307693,71.5904761904762,47.285714285714285,52.0
452,7095,Biphenyl,92-52-4,C1=CC=C(C=C1)C2=CC=CC=C2,154.21,8.0,20.70833333333333,27.764705882352946,14.4,58.57446808510638,39.62765957446808,39.91489361702128
453,13561,6-Undecanone,927-49-1,CCCCCC(=O)CCCCC,170.29,10.0,25.818181818181817,31.11111111111111,17.90909090909091,31.09090909090909,50.60606060606061,39.65151515151515
454,5281167,cis-3-Hexen-1-ol,928-96-1,CCC=CCCO,100.16,30.75,28.46153846153846,26.5,19.0,62.00961538461539,55.26923076923077,65.32692307692308
455,7119,Nerolin Yara Yara,93-04-9,COC1=CC2=CC=CC=C2C=C1,158.2,4.0,20.428571428571427,35.1875,18.83333333333333,77.0925925925926,57.94444444444444,58.87037037037037
456,7122,Methyl beta-naphthyl ketone,93-08-3,CC(=O)C1=CC2=CC=CC=C2C=C1,170.21,13.0,29.954545454545453,31.33333333333333,19.375,71.53271028037383,57.42056074766355,60.23364485981308
457,7127,"4-allyl-1,2-dimethoxy benzene",93-15-2,COC1=C(C=C(C=C1)CC=C)OC,178.23,29.25,26.625,14.0,10.0,29.4,54.784615384615385,43.292307692307695
458,637776,methyl isoeugenol,93-16-3,CC=CC1=CC(=C(C=C1)OC)OC,178.23,34.333333333333336,4.857142857142857,12.428571428571429,20.33333333333333,33.71666666666667,52.35,42.18333333333333
459,7136,Eugenyl Acetate,93-28-7,CC(=O)OC1=C(C=C(C=C1)CC=C)OC,206.24,11.75,11.875,10.333333333333334,11.2,40.86585365853659,61.75609756097561,52.74390243902439
460,7137,isoeugenol acetate,93-29-8,CC=CC1=CC(=C(C=C1)OC(=O)C)OC,206.24,3.25,36.833333333333336,13.625,12.5,51.97959183673469,62.45918367346939,57.93877551020408
461,7144,2-Methoxy-4-methylphenol,93-51-6,CC1=CC(=C(C=C1)O)OC,138.16,28.454545454545453,26.105263157894736,18.181818181818183,17.31578947368421,50.28395061728395,41.39506172839506,47.52469135802469
462,7147,1-Phenyl-1-propanol,93-54-9,CCC(C1=CC=CC=C1)O,136.19,44.5,30.692307692307693,14.0,30.0,30.78181818181818,52.56363636363636,35.43636363636364
463,7150,methyl benzoate,93-58-3,COC(=O)C1=CC=CC=C1,136.15,11.5,28.5,14.0,29.0,25.51851851851852,46.81481481481482,36.51851851851852
464,7151,Methyl nicotinate,93-60-7,COC(=O)C1=CN=CC=C1,137.14,18.666666666666668,26.88235294117647,28.08695652173913,17.3,67.58585858585859,38.37373737373738,40.11111111111112
465,7165,Ethyl benzoate,93-89-0,CCOC(=O)C1=CC=CC=C1,150.17,1.0,33.73684210526316,18.58333333333333,18.0,56.1125,57.6125,47.85
466,106441,2-Methoxy-3(5 or 6)-isopropylpyrazine,93905-03-4,CC(C)C1=CN=CC(=N1)OC,152.19,7.6,19.83333333333333,20.476190476190474,25.347826086956523,69.95145631067962,30.155339805825243,47.77669902912621
467,556940,Ethyl 3-(furfurylthio)propionate,94278-27-0,CCOC(=O)CCSCC1=CC=CO1,214.28,40.45454545454545,26.5,18.0,24.818181818181817,68.80392156862744,25.58823529411765,46.15686274509804
468,7194,Phenethyl benzoate,94-47-3,C1=CC=C(C=C1)CCOC(=O)C2=CC=CC=C2,226.27,,36.0,20.375,6.5,32.08064516129032,52.25806451612903,39.70967741935484
469,638024,Piperine,94-62-2,C1CCN(CC1)C(=O)C=CC=CC2=CC3=C(C=C2)OCO3,285.34,12.833333333333334,17.166666666666668,14.5,15.333333333333334,46.028985507246375,49.95652173913044,42.65217391304348
470,7288,3-Pentanone,96-22-0,CCC(=O)CC,86.13,13.5,16.1,27.55555555555556,11.5,46.575,43.0375,47.0875
471,7302,4-Hydroxybutanoic acid lactone,96-48-0,C1CC(=O)OC1,86.09,29.33333333333333,10.75,36.25,28.058823529411764,37.44117647058823,34.955882352941174,38.794117647058826
472,7335,carvyl acetate,97-42-7,CC1=CCC(CC1OC(=O)C)C(=C)C,194.27,36.91666666666666,26.5625,22.692307692307693,26.63636363636364,59.97826086956522,34.17391304347826,40.85869565217392
473,3314,eugenol,97-53-0,COC1=C(C=CC(=C1)CC=C)O,164.2,3.75,26.142857142857142,28.0,15.6,67.74285714285715,64.79047619047618,66.8
474,853433,Isoeugenol,97-54-1,CC=CC1=CC(=C(C=C1)O)OC,164.2,7.0,26.58333333333333,17.333333333333332,8.0,73.39622641509433,67.68867924528301,65.90566037735849
475,7341,2-Methylpentanoic acid,97-61-0,CCCC(C)C(=O)O,116.16,20.2,12.77777777777778,16.0,29.0,33.327586206896555,44.98275862068966,37.672413793103445
476,7360,Tetrahydrofurfuryl alcohol,97-99-4,C1CC(OC1)CO,102.13,9.666666666666666,22.75,20.7,13.285714285714286,25.527272727272727,43.56363636363636,33.92727272727273
477,7361,Furfuryl alcohol,98-00-0,C1=COC(=C1)CO,98.1,21.22222222222222,11.125,27.7,31.58333333333333,44.22784810126582,41.44303797468354,44.151898734177216
478,7409,alpha-Methylbenzyl alcohol,98-85-1,CC(C1=CC=CC=C1)O,122.16,1.0,15.285714285714286,9.0,19.666666666666668,39.37096774193548,48.79032258064516,40.95161290322581
479,7410,acetophenone,98-86-2,CC(=O)C1=CC=CC=C1,120.15,15.333333333333334,25.875,27.76923076923077,16.142857142857142,66.17894736842105,52.76842105263158,53.41052631578948
480,7463,para-cymene,99-87-6,CC1=CC=C(C=C1)C(C)C,134.22,9.0,27.5,31.444444444444443,19.5,75.41509433962264,42.00943396226416,55.20754716981132
